time_s,lat,lon,alt_m,phase
0.0,35.6781,10.0963,65.0,ascent
10.0,35.678091,10.096777,123.0,ascent
20.0,35.678042,10.097275,181.0,ascent
30.0,35.678043,10.097722,239.0,ascent
40.0,35.678024,10.098233,297.0,ascent
50.0,35.67802,10.098754,355.0,ascent
60.0,35.677978,10.09931,413.0,ascent
70.0,35.677931,10.099856,471.0,ascent
80.0,35.677933,10.100429,529.0,ascent
90.0,35.67794,10.101012,587.0,ascent
100.0,35.677926,10.101623,645.0,ascent
110.0,35.67793,10.102216,703.0,ascent
120.0,35.677924,10.102865,761.0,ascent
130.0,35.677925,10.103476,819.0,ascent
140.0,35.677909,10.104129,877.0,ascent
150.0,35.677894,10.104792,935.0,ascent
160.0,35.677906,10.105526,993.0,ascent
170.0,35.67793,10.106183,1051.0,ascent
180.0,35.677899,10.106892,1109.0,ascent
190.0,35.677928,10.107588,1167.0,ascent
200.0,35.677914,10.108273,1225.0,ascent
210.0,35.677904,10.109027,1283.0,ascent
220.0,35.677906,10.109742,1341.0,ascent
230.0,35.67791,10.110499,1399.0,ascent
240.0,35.677915,10.111298,1457.0,ascent
250.0,35.677927,10.112102,1515.0,ascent
260.0,35.677922,10.112905,1573.0,ascent
270.0,35.677949,10.113649,1631.0,ascent
280.0,35.67799,10.114445,1689.0,ascent
290.0,35.67796,10.115263,1747.0,ascent
300.0,35.677949,10.116069,1805.0,ascent
310.0,35.677985,10.116851,1863.0,ascent
320.0,35.677991,10.117726,1921.0,ascent
330.0,35.677992,10.118639,1979.0,ascent
340.0,35.678042,10.119515,2037.0,ascent
350.0,35.678086,10.120459,2095.0,ascent
360.0,35.678163,10.121315,2153.0,ascent
370.0,35.678182,10.122204,2211.0,ascent
380.0,35.678197,10.123156,2269.0,ascent
390.0,35.678235,10.124092,2327.0,ascent
400.0,35.678297,10.12509,2385.0,ascent
410.0,35.678377,10.126092,2443.0,ascent
420.0,35.678444,10.127067,2501.0,ascent
430.0,35.678477,10.128015,2559.0,ascent
440.0,35.678534,10.129011,2617.0,ascent
450.0,35.678577,10.13007,2675.0,ascent
460.0,35.678648,10.131149,2733.0,ascent
470.0,35.678717,10.132184,2791.0,ascent
480.0,35.678841,10.133155,2849.0,ascent
490.0,35.678953,10.134161,2907.0,ascent
500.0,35.679074,10.135272,2965.0,ascent
510.0,35.679091,10.136368,3023.0,ascent
520.0,35.679138,10.137489,3081.0,ascent
530.0,35.67923,10.138597,3139.0,ascent
540.0,35.679332,10.139728,3197.0,ascent
550.0,35.679522,10.140978,3255.0,ascent
560.0,35.679609,10.142246,3313.0,ascent
570.0,35.679782,10.143461,3371.0,ascent
580.0,35.679917,10.144752,3429.0,ascent
590.0,35.680025,10.146084,3487.0,ascent
600.0,35.680162,10.147531,3545.0,ascent
610.0,35.680263,10.148829,3603.0,ascent
620.0,35.680303,10.150243,3661.0,ascent
630.0,35.680411,10.151722,3719.0,ascent
640.0,35.680628,10.153257,3777.0,ascent
650.0,35.680813,10.154668,3835.0,ascent
660.0,35.681034,10.156116,3893.0,ascent
670.0,35.681195,10.15768,3951.0,ascent
680.0,35.681393,10.159099,4009.0,ascent
690.0,35.68149,10.160699,4067.0,ascent
700.0,35.681443,10.162464,4125.0,ascent
710.0,35.681676,10.164104,4183.0,ascent
720.0,35.681808,10.165575,4241.0,ascent
730.0,35.681999,10.167172,4299.0,ascent
740.0,35.682179,10.168813,4357.0,ascent
750.0,35.682357,10.170626,4415.0,ascent
760.0,35.682617,10.172342,4473.0,ascent
770.0,35.682825,10.173958,4531.0,ascent
780.0,35.682885,10.175762,4589.0,ascent
790.0,35.683011,10.177604,4647.0,ascent
800.0,35.683302,10.179384,4705.0,ascent
810.0,35.683558,10.181153,4763.0,ascent
820.0,35.683872,10.183235,4821.0,ascent
830.0,35.684181,10.18522,4879.0,ascent
840.0,35.684386,10.187261,4937.0,ascent
850.0,35.684622,10.189214,4995.0,ascent
860.0,35.684817,10.19115,5053.0,ascent
870.0,35.68516,10.193101,5111.0,ascent
880.0,35.685381,10.195017,5169.0,ascent
890.0,35.685644,10.197253,5227.0,ascent
900.0,35.685881,10.199339,5285.0,ascent
910.0,35.686147,10.2016,5343.0,ascent
920.0,35.686318,10.203716,5401.0,ascent
930.0,35.68646,10.205952,5459.0,ascent
940.0,35.686866,10.208139,5517.0,ascent
950.0,35.686995,10.210226,5575.0,ascent
960.0,35.68734,10.212659,5633.0,ascent
970.0,35.687503,10.214905,5691.0,ascent
980.0,35.687882,10.217051,5749.0,ascent
990.0,35.688254,10.219434,5807.0,ascent
1000.0,35.688597,10.221771,5865.0,ascent
1010.0,35.688793,10.224202,5923.0,ascent
1020.0,35.68907,10.226616,5981.0,ascent
1030.0,35.689387,10.228784,6039.0,ascent
1040.0,35.689848,10.231094,6097.0,ascent
1050.0,35.690229,10.233447,6155.0,ascent
1060.0,35.690762,10.236019,6213.0,ascent
1070.0,35.691193,10.238534,6271.0,ascent
1080.0,35.691465,10.241063,6329.0,ascent
1090.0,35.691718,10.243738,6387.0,ascent
1100.0,35.692192,10.246301,6445.0,ascent
1110.0,35.692569,10.248908,6503.0,ascent
1120.0,35.693112,10.251554,6561.0,ascent
1130.0,35.693513,10.254254,6619.0,ascent
1140.0,35.693755,10.257349,6677.0,ascent
1150.0,35.694209,10.259959,6735.0,ascent
1160.0,35.694689,10.262502,6793.0,ascent
1170.0,35.695008,10.265365,6851.0,ascent
1180.0,35.695532,10.268056,6909.0,ascent
1190.0,35.695972,10.270587,6967.0,ascent
1200.0,35.69649,10.273286,7025.0,ascent
1210.0,35.696971,10.276049,7083.0,ascent
1220.0,35.697591,10.278661,7141.0,ascent
1230.0,35.698331,10.281867,7199.0,ascent
1240.0,35.698598,10.284721,7257.0,ascent
1250.0,35.699371,10.288102,7315.0,ascent
1260.0,35.699852,10.291082,7373.0,ascent
1270.0,35.700582,10.294354,7431.0,ascent
1280.0,35.701027,10.297418,7489.0,ascent
1290.0,35.701652,10.300573,7547.0,ascent
1300.0,35.7024,10.303622,7605.0,ascent
1310.0,35.703009,10.306729,7663.0,ascent
1320.0,35.703681,10.309924,7721.0,ascent
1330.0,35.704153,10.313241,7779.0,ascent
1340.0,35.704717,10.316512,7837.0,ascent
1350.0,35.705338,10.319778,7895.0,ascent
1360.0,35.7059,10.322956,7953.0,ascent
1370.0,35.706239,10.326315,8011.0,ascent
1380.0,35.706878,10.329929,8069.0,ascent
1390.0,35.707662,10.333112,8127.0,ascent
1400.0,35.708329,10.336712,8185.0,ascent
1410.0,35.709279,10.340114,8243.0,ascent
1420.0,35.709929,10.343732,8301.0,ascent
1430.0,35.710653,10.346982,8359.0,ascent
1440.0,35.711363,10.35052,8417.0,ascent
1450.0,35.712086,10.353979,8475.0,ascent
1460.0,35.712782,10.357482,8533.0,ascent
1470.0,35.713985,10.361145,8591.0,ascent
1480.0,35.714699,10.364702,8649.0,ascent
1490.0,35.715528,10.368353,8707.0,ascent
1500.0,35.716185,10.37169,8765.0,ascent
1510.0,35.717291,10.375577,8823.0,ascent
1520.0,35.718171,10.379412,8881.0,ascent
1530.0,35.719136,10.383059,8939.0,ascent
1540.0,35.719731,10.386798,8997.0,ascent
1550.0,35.720266,10.390718,9055.0,ascent
1560.0,35.721016,10.394686,9113.0,ascent
1570.0,35.721768,10.398749,9171.0,ascent
1580.0,35.722589,10.402594,9229.0,ascent
1590.0,35.723425,10.406268,9287.0,ascent
1600.0,35.724358,10.410074,9345.0,ascent
1610.0,35.725105,10.413885,9403.0,ascent
1620.0,35.72569,10.417797,9461.0,ascent
1630.0,35.726278,10.421817,9519.0,ascent
1640.0,35.726873,10.425173,9577.0,ascent
1650.0,35.727529,10.428573,9635.0,ascent
1660.0,35.728069,10.432495,9693.0,ascent
1670.0,35.728781,10.43594,9751.0,ascent
1680.0,35.729533,10.439495,9809.0,ascent
1690.0,35.730017,10.442975,9867.0,ascent
1700.0,35.730482,10.446781,9925.0,ascent
1710.0,35.730897,10.449948,9983.0,ascent
1720.0,35.731334,10.453529,10041.0,ascent
1730.0,35.732187,10.457268,10099.0,ascent
1740.0,35.732552,10.460712,10157.0,ascent
1750.0,35.732761,10.463983,10215.0,ascent
1760.0,35.733073,10.467577,10273.0,ascent
1770.0,35.733359,10.470991,10331.0,ascent
1780.0,35.733744,10.474667,10389.0,ascent
1790.0,35.734093,10.478186,10447.0,ascent
1800.0,35.734466,10.481492,10505.0,ascent
1810.0,35.73476,10.48492,10563.0,ascent
1820.0,35.735276,10.488495,10621.0,ascent
1830.0,35.73538,10.491915,10679.0,ascent
1840.0,35.735789,10.495178,10737.0,ascent
1850.0,35.73596,10.498619,10795.0,ascent
1860.0,35.736044,10.502019,10853.0,ascent
1870.0,35.73619,10.505543,10911.0,ascent
1880.0,35.7361,10.509003,10969.0,ascent
1890.0,35.736609,10.512263,11027.0,ascent
1900.0,35.736912,10.51585,11085.0,ascent
1910.0,35.736929,10.519191,11143.0,ascent
1920.0,35.737262,10.522207,11201.0,ascent
1930.0,35.737523,10.52522,11259.0,ascent
1940.0,35.73761,10.52857,11317.0,ascent
1950.0,35.737955,10.531851,11375.0,ascent
1960.0,35.738063,10.534722,11433.0,ascent
1970.0,35.738116,10.537879,11491.0,ascent
1980.0,35.738202,10.541209,11549.0,ascent
1990.0,35.738263,10.544533,11607.0,ascent
2000.0,35.738438,10.5478,11665.0,ascent
2010.0,35.738474,10.550945,11723.0,ascent
2020.0,35.73858,10.554231,11781.0,ascent
2030.0,35.738653,10.557455,11839.0,ascent
2040.0,35.738566,10.560564,11897.0,ascent
2050.0,35.738729,10.56336,11955.0,ascent
2060.0,35.73901,10.566207,12013.0,ascent
2070.0,35.738901,10.569175,12071.0,ascent
2080.0,35.738848,10.572183,12129.0,ascent
2090.0,35.738626,10.575366,12187.0,ascent
2100.0,35.738402,10.57835,12245.0,ascent
2110.0,35.738444,10.581348,12303.0,ascent
2120.0,35.738551,10.584219,12361.0,ascent
2130.0,35.738511,10.587028,12419.0,ascent
2140.0,35.738187,10.590036,12477.0,ascent
2150.0,35.73804,10.592725,12535.0,ascent
2160.0,35.737871,10.59544,12593.0,ascent
2170.0,35.737961,10.598269,12651.0,ascent
2180.0,35.737888,10.601226,12709.0,ascent
2190.0,35.737864,10.603956,12767.0,ascent
2200.0,35.737658,10.606635,12825.0,ascent
2210.0,35.737449,10.609357,12883.0,ascent
2220.0,35.737108,10.612112,12941.0,ascent
2230.0,35.737087,10.61478,12999.0,ascent
2240.0,35.736915,10.617608,13057.0,ascent
2250.0,35.736647,10.620407,13115.0,ascent
2260.0,35.73639,10.623018,13173.0,ascent
2270.0,35.735888,10.625832,13231.0,ascent
2280.0,35.735633,10.628424,13289.0,ascent
2290.0,35.735471,10.631136,13347.0,ascent
2300.0,35.735216,10.633716,13405.0,ascent
2310.0,35.735041,10.636282,13463.0,ascent
2320.0,35.734995,10.638594,13521.0,ascent
2330.0,35.734778,10.64093,13579.0,ascent
2340.0,35.734301,10.643289,13637.0,ascent
2350.0,35.734097,10.645856,13695.0,ascent
2360.0,35.733835,10.6483,13753.0,ascent
2370.0,35.733514,10.650632,13811.0,ascent
2380.0,35.733226,10.653057,13869.0,ascent
2390.0,35.733008,10.655523,13927.0,ascent
2400.0,35.732432,10.657745,13985.0,ascent
2410.0,35.731956,10.660006,14043.0,ascent
2420.0,35.731561,10.662252,14101.0,ascent
2430.0,35.731234,10.664474,14159.0,ascent
2440.0,35.730859,10.666579,14217.0,ascent
2450.0,35.73046,10.668647,14275.0,ascent
2460.0,35.730044,10.670906,14333.0,ascent
2470.0,35.729643,10.672992,14391.0,ascent
2480.0,35.729197,10.675039,14449.0,ascent
2490.0,35.728883,10.676934,14507.0,ascent
2500.0,35.728659,10.678812,14565.0,ascent
2510.0,35.728167,10.680955,14623.0,ascent
2520.0,35.727917,10.682919,14681.0,ascent
2530.0,35.727622,10.684618,14739.0,ascent
2540.0,35.727138,10.6868,14797.0,ascent
2550.0,35.726713,10.688667,14855.0,ascent
2560.0,35.726364,10.690433,14913.0,ascent
2570.0,35.725963,10.69233,14971.0,ascent
2580.0,35.72551,10.694254,15029.0,ascent
2590.0,35.725141,10.696169,15087.0,ascent
2600.0,35.724578,10.69801,15145.0,ascent
2610.0,35.724247,10.699732,15203.0,ascent
2620.0,35.723815,10.701619,15261.0,ascent
2630.0,35.7234,10.703492,15319.0,ascent
2640.0,35.722936,10.705328,15377.0,ascent
2650.0,35.722394,10.706992,15435.0,ascent
2660.0,35.722042,10.708652,15493.0,ascent
2670.0,35.721594,10.710246,15551.0,ascent
2680.0,35.721159,10.71172,15609.0,ascent
2690.0,35.720667,10.713238,15667.0,ascent
2700.0,35.720335,10.714639,15725.0,ascent
2710.0,35.719991,10.716075,15783.0,ascent
2720.0,35.719567,10.717621,15841.0,ascent
2730.0,35.719151,10.719106,15899.0,ascent
2740.0,35.718781,10.720622,15957.0,ascent
2750.0,35.71829,10.722106,16015.0,ascent
2760.0,35.717801,10.723554,16073.0,ascent
2770.0,35.717214,10.724927,16131.0,ascent
2780.0,35.716765,10.726335,16189.0,ascent
2790.0,35.716362,10.727701,16247.0,ascent
2800.0,35.71595,10.729013,16305.0,ascent
2810.0,35.71543,10.730353,16363.0,ascent
2820.0,35.71496,10.73172,16421.0,ascent
2830.0,35.71437,10.733074,16479.0,ascent
2840.0,35.713877,10.734391,16537.0,ascent
2850.0,35.713308,10.735708,16595.0,ascent
2860.0,35.712799,10.736889,16653.0,ascent
2870.0,35.712279,10.738192,16711.0,ascent
2880.0,35.711782,10.739491,16769.0,ascent
2890.0,35.711096,10.74074,16827.0,ascent
2900.0,35.710497,10.741913,16885.0,ascent
2910.0,35.710025,10.742992,16943.0,ascent
2920.0,35.709483,10.744182,17001.0,ascent
2930.0,35.708752,10.745285,17059.0,ascent
2940.0,35.708207,10.746381,17117.0,ascent
2950.0,35.707499,10.747438,17175.0,ascent
2960.0,35.706893,10.748458,17233.0,ascent
2970.0,35.70628,10.749706,17291.0,ascent
2980.0,35.705694,10.750715,17349.0,ascent
2990.0,35.705024,10.751697,17407.0,ascent
3000.0,35.704439,10.752807,17465.0,ascent
3010.0,35.703784,10.753865,17523.0,ascent
3020.0,35.703101,10.754947,17581.0,ascent
3030.0,35.702427,10.755865,17639.0,ascent
3040.0,35.701704,10.756835,17697.0,ascent
3050.0,35.701059,10.75767,17755.0,ascent
3060.0,35.700398,10.758531,17813.0,ascent
3070.0,35.69974,10.75935,17871.0,ascent
3080.0,35.699121,10.76025,17929.0,ascent
3090.0,35.698388,10.761135,17987.0,ascent
3100.0,35.697659,10.761891,18045.0,ascent
3110.0,35.696968,10.762701,18103.0,ascent
3120.0,35.696273,10.763552,18161.0,ascent
3130.0,35.695565,10.764391,18219.0,ascent
3140.0,35.694825,10.765089,18277.0,ascent
3150.0,35.694226,10.765908,18335.0,ascent
3160.0,35.693373,10.766576,18393.0,ascent
3170.0,35.692731,10.767371,18451.0,ascent
3180.0,35.692032,10.76808,18509.0,ascent
3190.0,35.691352,10.768814,18567.0,ascent
3200.0,35.690595,10.769482,18625.0,ascent
3210.0,35.68991,10.770059,18683.0,ascent
3220.0,35.689109,10.770755,18741.0,ascent
3230.0,35.688403,10.771374,18799.0,ascent
3240.0,35.687708,10.772079,18857.0,ascent
3250.0,35.686991,10.772691,18915.0,ascent
3260.0,35.686208,10.773326,18973.0,ascent
3270.0,35.685457,10.773983,19031.0,ascent
3280.0,35.684709,10.774524,19089.0,ascent
3290.0,35.684019,10.775017,19147.0,ascent
3300.0,35.683267,10.775572,19205.0,ascent
3310.0,35.682613,10.776023,19263.0,ascent
3320.0,35.681939,10.776493,19321.0,ascent
3330.0,35.681267,10.777027,19379.0,ascent
3340.0,35.680608,10.777416,19437.0,ascent
3350.0,35.679972,10.777944,19495.0,ascent
3360.0,35.679236,10.778362,19553.0,ascent
3370.0,35.678584,10.778804,19611.0,ascent
3380.0,35.677852,10.779188,19669.0,ascent
3390.0,35.677068,10.779581,19727.0,ascent
3400.0,35.676366,10.779951,19785.0,ascent
3410.0,35.675642,10.780277,19843.0,ascent
3420.0,35.674924,10.780648,19901.0,ascent
3430.0,35.674267,10.780975,19959.0,ascent
3440.0,35.673544,10.781218,20017.0,ascent
3450.0,35.67288,10.781521,20075.0,ascent
3460.0,35.672181,10.78182,20133.0,ascent
3470.0,35.671481,10.782212,20191.0,ascent
3480.0,35.670815,10.7825,20249.0,ascent
3490.0,35.670196,10.782766,20307.0,ascent
3500.0,35.669512,10.78301,20365.0,ascent
3510.0,35.66875,10.783273,20423.0,ascent
3520.0,35.668057,10.783492,20481.0,ascent
3530.0,35.667292,10.783771,20539.0,ascent
3540.0,35.666578,10.783944,20597.0,ascent
3550.0,35.665832,10.784109,20655.0,ascent
3560.0,35.665072,10.784263,20713.0,ascent
3570.0,35.66435,10.784432,20771.0,ascent
3580.0,35.663601,10.784657,20829.0,ascent
3590.0,35.662885,10.78477,20887.0,ascent
3600.0,35.662127,10.784964,20945.0,ascent
3610.0,35.661342,10.785041,21003.0,ascent
3620.0,35.660652,10.785218,21061.0,ascent
3630.0,35.659889,10.785254,21119.0,ascent
3640.0,35.659075,10.785316,21177.0,ascent
3650.0,35.658322,10.785456,21235.0,ascent
3660.0,35.657493,10.785532,21293.0,ascent
3670.0,35.656657,10.785611,21351.0,ascent
3680.0,35.655825,10.785657,21409.0,ascent
3690.0,35.654968,10.785657,21467.0,ascent
3700.0,35.654215,10.785795,21525.0,ascent
3710.0,35.65334,10.785747,21583.0,ascent
3720.0,35.65255,10.785847,21641.0,ascent
3730.0,35.651705,10.785789,21699.0,ascent
3740.0,35.650784,10.785737,21757.0,ascent
3750.0,35.64995,10.785753,21815.0,ascent
3760.0,35.649096,10.785724,21873.0,ascent
3770.0,35.648292,10.785562,21931.0,ascent
3780.0,35.64736,10.785415,21989.0,ascent
3790.0,35.646539,10.785289,22047.0,ascent
3800.0,35.645646,10.785162,22105.0,ascent
3810.0,35.644725,10.785006,22163.0,ascent
3820.0,35.643824,10.784839,22221.0,ascent
3830.0,35.642926,10.7848,22279.0,ascent
3840.0,35.64204,10.784678,22337.0,ascent
3850.0,35.641229,10.784434,22395.0,ascent
3860.0,35.640283,10.784154,22453.0,ascent
3870.0,35.639399,10.783879,22511.0,ascent
3880.0,35.638512,10.783658,22569.0,ascent
3890.0,35.637675,10.783426,22627.0,ascent
3900.0,35.636769,10.783263,22685.0,ascent
3910.0,35.635877,10.783016,22743.0,ascent
3920.0,35.634913,10.782669,22801.0,ascent
3930.0,35.634019,10.782373,22859.0,ascent
3940.0,35.633117,10.782089,22917.0,ascent
3950.0,35.632265,10.781803,22975.0,ascent
3960.0,35.631384,10.78156,23033.0,ascent
3970.0,35.630467,10.781187,23091.0,ascent
3980.0,35.629645,10.78087,23149.0,ascent
3990.0,35.628718,10.780417,23207.0,ascent
4000.0,35.627771,10.780009,23265.0,ascent
4010.0,35.626892,10.779686,23323.0,ascent
4020.0,35.625982,10.77924,23381.0,ascent
4030.0,35.625046,10.778714,23439.0,ascent
4040.0,35.62413,10.778343,23497.0,ascent
4050.0,35.623248,10.777875,23555.0,ascent
4060.0,35.622347,10.777436,23613.0,ascent
4070.0,35.621427,10.776966,23671.0,ascent
4080.0,35.620565,10.776456,23729.0,ascent
4090.0,35.619693,10.775929,23787.0,ascent
4100.0,35.618761,10.775449,23845.0,ascent
4110.0,35.617926,10.774828,23903.0,ascent
4120.0,35.617044,10.774407,23961.0,ascent
4130.0,35.616238,10.773873,24019.0,ascent
4140.0,35.615348,10.773277,24077.0,ascent
4150.0,35.614345,10.772788,24135.0,ascent
4160.0,35.613492,10.772053,24193.0,ascent
4170.0,35.612653,10.771461,24251.0,ascent
4180.0,35.611786,10.770869,24309.0,ascent
4190.0,35.610971,10.770122,24367.0,ascent
4200.0,35.610011,10.769382,24425.0,ascent
4210.0,35.609064,10.768599,24483.0,ascent
4220.0,35.608123,10.767812,24541.0,ascent
4230.0,35.607271,10.767042,24599.0,ascent
4240.0,35.606313,10.766108,24657.0,ascent
4250.0,35.605525,10.765309,24715.0,ascent
4260.0,35.604679,10.764558,24773.0,ascent
4270.0,35.6038,10.763712,24831.0,ascent
4280.0,35.602953,10.762877,24889.0,ascent
4290.0,35.602123,10.762001,24947.0,ascent
4300.0,35.601399,10.761198,25005.0,ascent
4310.0,35.600563,10.760453,25063.0,ascent
4320.0,35.599737,10.759579,25121.0,ascent
4330.0,35.598964,10.758686,25179.0,ascent
4340.0,35.598172,10.757876,25237.0,ascent
4350.0,35.597358,10.757005,25295.0,ascent
4360.0,35.59647,10.75614,25353.0,ascent
4370.0,35.595603,10.755185,25411.0,ascent
4380.0,35.594775,10.754445,25469.0,ascent
4390.0,35.593924,10.753521,25527.0,ascent
4400.0,35.593083,10.752581,25585.0,ascent
4410.0,35.592268,10.751564,25643.0,ascent
4420.0,35.591424,10.750715,25701.0,ascent
4430.0,35.590633,10.749779,25759.0,ascent
4440.0,35.589711,10.748759,25817.0,ascent
4450.0,35.588906,10.747975,25875.0,ascent
4460.0,35.588067,10.747043,25933.0,ascent
4470.0,35.587232,10.74605,25991.0,ascent
4480.0,35.586436,10.744988,26049.0,ascent
4490.0,35.585574,10.744038,26107.0,ascent
4500.0,35.584629,10.743062,26165.0,ascent
4510.0,35.583759,10.741984,26223.0,ascent
4520.0,35.582981,10.740848,26281.0,ascent
4530.0,35.582243,10.739707,26339.0,ascent
4540.0,35.581336,10.738711,26397.0,ascent
4550.0,35.580423,10.737678,26455.0,ascent
4560.0,35.579611,10.736599,26513.0,ascent
4570.0,35.578694,10.735494,26571.0,ascent
4580.0,35.577848,10.734254,26629.0,ascent
4590.0,35.576949,10.733013,26687.0,ascent
4600.0,35.575932,10.731913,26745.0,ascent
4610.0,35.57504,10.730831,26803.0,ascent
4620.0,35.574141,10.729697,26861.0,ascent
4630.0,35.573379,10.728439,26919.0,ascent
4640.0,35.572541,10.727248,26977.0,ascent
4650.0,35.571688,10.726068,27035.0,ascent
4660.0,35.570844,10.724844,27093.0,ascent
4670.0,35.570019,10.723471,27151.0,ascent
4680.0,35.56917,10.7222,27209.0,ascent
4690.0,35.568349,10.721046,27267.0,ascent
4700.0,35.567489,10.719699,27325.0,ascent
4710.0,35.566661,10.718387,27383.0,ascent
4720.0,35.565841,10.71703,27441.0,ascent
4730.0,35.564941,10.715762,27499.0,ascent
4740.0,35.563909,10.714641,27557.0,ascent
4750.0,35.562838,10.713556,27615.0,ascent
4760.0,35.562069,10.712344,27673.0,ascent
4770.0,35.561118,10.711071,27731.0,ascent
4780.0,35.56036,10.709726,27789.0,ascent
4790.0,35.559645,10.708314,27847.0,ascent
4800.0,35.558804,10.706949,27905.0,ascent
4810.0,35.557878,10.70548,27963.0,ascent
4820.0,35.557052,10.704191,28021.0,ascent
4830.0,35.556113,10.7029,28079.0,ascent
4840.0,35.55522,10.701576,28137.0,ascent
4850.0,35.554321,10.700116,28195.0,ascent
4860.0,35.553466,10.698737,28253.0,ascent
4870.0,35.552635,10.697273,28311.0,ascent
4880.0,35.55176,10.695976,28369.0,ascent
4890.0,35.550829,10.694485,28427.0,ascent
4900.0,35.550058,10.693119,28485.0,ascent
4910.0,35.549089,10.69172,28543.0,ascent
4920.0,35.548272,10.690196,28601.0,ascent
4930.0,35.547444,10.688657,28659.0,ascent
4940.0,35.546671,10.687257,28717.0,ascent
4950.0,35.545804,10.685807,28775.0,ascent
4960.0,35.545019,10.684153,28833.0,ascent
4970.0,35.54419,10.682423,28891.0,ascent
4980.0,35.543372,10.680883,28949.0,ascent
4990.0,35.542503,10.679276,29007.0,ascent
5000.0,35.54171,10.677671,29065.0,ascent
5010.0,35.540823,10.676154,29123.0,ascent
5020.0,35.540043,10.674582,29181.0,ascent
5030.0,35.539228,10.672981,29239.0,ascent
5040.0,35.538338,10.671355,29297.0,ascent
5050.0,35.537499,10.669669,29355.0,ascent
5060.0,35.536814,10.668086,29413.0,ascent
5070.0,35.535895,10.666593,29471.0,ascent
5080.0,35.535044,10.665096,29529.0,ascent
5090.0,35.534197,10.66346,29587.0,ascent
5100.0,35.53343,10.661799,29645.0,ascent
5110.0,35.532618,10.660086,29703.0,ascent
5120.0,35.531827,10.658341,29761.0,ascent
5130.0,35.531073,10.656847,29819.0,ascent
5140.0,35.530349,10.65533,29877.0,ascent
5150.0,35.529614,10.653568,29935.0,ascent
5160.0,35.528772,10.651733,29993.0,ascent
5170.0,35.528018,10.65003,30000.0,burst
5180.0,35.527213,10.648429,29573.8,descent
5190.0,35.526293,10.646816,29160.4,descent
5200.0,35.525453,10.645223,28759.0,descent
5210.0,35.524693,10.643817,28369.0,descent
5220.0,35.523805,10.642407,27989.7,descent
5230.0,35.522927,10.641213,27620.5,descent
5240.0,35.522111,10.639989,27260.9,descent
5250.0,35.521307,10.638855,26910.5,descent
5260.0,35.520489,10.637826,26568.7,descent
5270.0,35.519743,10.636641,26235.1,descent
5280.0,35.51901,10.635639,25909.4,descent
5290.0,35.518176,10.634663,25591.2,descent
5300.0,35.517353,10.633738,25280.2,descent
5310.0,35.516584,10.632824,24975.9,descent
5320.0,35.515789,10.632017,24678.3,descent
5330.0,35.514943,10.631357,24386.9,descent
5340.0,35.514117,10.630757,24101.4,descent
5350.0,35.513155,10.63019,23821.8,descent
5360.0,35.512244,10.629799,23547.7,descent
5370.0,35.51133,10.629508,23278.9,descent
5380.0,35.510475,10.629189,23015.2,descent
5390.0,35.509565,10.628749,22756.4,descent
5400.0,35.508719,10.628483,22502.3,descent
5410.0,35.507832,10.628357,22252.9,descent
5420.0,35.506952,10.628277,22007.8,descent
5430.0,35.506101,10.628277,21767.0,descent
5440.0,35.505334,10.62838,21530.3,descent
5450.0,35.504498,10.628475,21297.6,descent
5460.0,35.503731,10.628593,21068.7,descent
5470.0,35.502931,10.628755,20843.5,descent
5480.0,35.502201,10.628895,20621.9,descent
5490.0,35.501416,10.629129,20403.8,descent
5500.0,35.50067,10.629358,20189.0,descent
5510.0,35.499946,10.629654,19977.6,descent
5520.0,35.499226,10.629999,19769.3,descent
5530.0,35.498551,10.630357,19564.0,descent
5540.0,35.497903,10.630824,19361.8,descent
5550.0,35.497119,10.631334,19162.4,descent
5560.0,35.496352,10.631964,18965.9,descent
5570.0,35.495678,10.632567,18772.1,descent
5580.0,35.494951,10.633251,18581.0,descent
5590.0,35.494207,10.634052,18392.5,descent
5600.0,35.49352,10.634907,18206.5,descent
5610.0,35.492803,10.635778,18022.9,descent
5620.0,35.492148,10.636662,17841.8,descent
5630.0,35.491489,10.637626,17663.0,descent
5640.0,35.490776,10.638737,17486.4,descent
5650.0,35.490239,10.639873,17312.0,descent
5660.0,35.489657,10.640955,17139.9,descent
5670.0,35.489013,10.642034,16969.8,descent
5680.0,35.488376,10.643197,16801.7,descent
5690.0,35.487823,10.644473,16635.7,descent
5700.0,35.487303,10.645788,16471.6,descent
5710.0,35.486918,10.647341,16309.5,descent
5720.0,35.486533,10.648626,16149.2,descent
5730.0,35.486059,10.650064,15990.7,descent
5740.0,35.485644,10.651631,15834.1,descent
5750.0,35.48512,10.653265,15679.1,descent
5760.0,35.484622,10.654899,15525.9,descent
5770.0,35.484236,10.656649,15374.3,descent
5780.0,35.483795,10.658481,15224.4,descent
5790.0,35.48327,10.660272,15076.0,descent
5800.0,35.483017,10.661963,14929.3,descent
5810.0,35.482674,10.663813,14784.0,descent
5820.0,35.482423,10.665835,14640.3,descent
5830.0,35.48214,10.667826,14498.0,descent
5840.0,35.48155,10.670166,14357.2,descent
5850.0,35.481241,10.672322,14217.8,descent
5860.0,35.481098,10.674472,14079.7,descent
5870.0,35.480876,10.676783,13943.0,descent
5880.0,35.480732,10.67916,13807.7,descent
5890.0,35.480439,10.681485,13673.6,descent
5900.0,35.480117,10.683996,13540.8,descent
5910.0,35.479793,10.686342,13409.3,descent
5920.0,35.4795,10.68881,13279.0,descent
5930.0,35.479439,10.691455,13149.9,descent
5940.0,35.479205,10.694094,13022.0,descent
5950.0,35.479043,10.696918,12895.2,descent
5960.0,35.478749,10.699905,12769.6,descent
5970.0,35.478531,10.702698,12645.2,descent
5980.0,35.47815,10.705834,12521.8,descent
5990.0,35.478181,10.708591,12399.5,descent
6000.0,35.478262,10.711796,12278.3,descent
6010.0,35.478289,10.714626,12158.1,descent
6020.0,35.478294,10.717768,12038.9,descent
6030.0,35.478398,10.720777,11920.8,descent
6040.0,35.478553,10.723801,11803.6,descent
6050.0,35.478587,10.727336,11687.4,descent
6060.0,35.478758,10.730674,11572.2,descent
6070.0,35.478979,10.733864,11457.9,descent
6080.0,35.479276,10.736669,11344.6,descent
6090.0,35.479724,10.739611,11232.2,descent
6100.0,35.479742,10.742731,11120.6,descent
6110.0,35.479794,10.74607,11010.0,descent
6120.0,35.479948,10.74951,10900.2,descent
6130.0,35.480154,10.752751,10791.3,descent
6140.0,35.480573,10.75627,10683.2,descent
6150.0,35.480847,10.75981,10576.0,descent
6160.0,35.481374,10.763139,10469.5,descent
6170.0,35.481745,10.766413,10363.9,descent
6180.0,35.482309,10.769945,10259.1,descent
6190.0,35.482689,10.773487,10155.0,descent
6200.0,35.482957,10.777177,10051.8,descent
6210.0,35.483676,10.780927,9949.3,descent
6220.0,35.484365,10.784789,9847.5,descent
6230.0,35.484969,10.788583,9746.5,descent
6240.0,35.485841,10.792044,9646.2,descent
6250.0,35.486717,10.795576,9546.6,descent
6260.0,35.487174,10.799468,9447.7,descent
6270.0,35.487806,10.803009,9349.5,descent
6280.0,35.488609,10.806536,9252.0,descent
6290.0,35.48941,10.810387,9155.2,descent
6300.0,35.490358,10.814407,9059.0,descent
6310.0,35.49119,10.818316,8963.5,descent
6320.0,35.492084,10.822115,8868.7,descent
6330.0,35.492873,10.825736,8774.5,descent
6340.0,35.493499,10.82921,8680.9,descent
6350.0,35.494168,10.832908,8587.9,descent
6360.0,35.49471,10.836754,8495.6,descent
6370.0,35.495348,10.840179,8403.9,descent
6380.0,35.496012,10.843508,8312.7,descent
6390.0,35.496437,10.846856,8222.2,descent
6400.0,35.497139,10.850262,8132.3,descent
6410.0,35.49814,10.853658,8042.9,descent
6420.0,35.498605,10.85663,7954.1,descent
6430.0,35.499186,10.859886,7865.8,descent
6440.0,35.499748,10.862871,7778.1,descent
6450.0,35.500269,10.866377,7691.0,descent
6460.0,35.500904,10.869507,7604.4,descent
6470.0,35.501721,10.872435,7518.3,descent
6480.0,35.502161,10.875544,7432.7,descent
6490.0,35.502728,10.878291,7347.7,descent
6500.0,35.50333,10.881053,7263.2,descent
6510.0,35.504095,10.883905,7179.2,descent
6520.0,35.504506,10.886908,7095.7,descent
6530.0,35.505274,10.889628,7012.7,descent
6540.0,35.505578,10.892335,6930.2,descent
6550.0,35.506007,10.89472,6848.2,descent
6560.0,35.506337,10.897321,6766.6,descent
6570.0,35.506712,10.899946,6685.6,descent
6580.0,35.50693,10.90273,6604.9,descent
6590.0,35.507296,10.905346,6524.8,descent
6600.0,35.507544,10.907775,6445.1,descent
6610.0,35.507979,10.910224,6365.9,descent
6620.0,35.508525,10.912699,6287.1,descent
6630.0,35.508795,10.915237,6208.8,descent
6640.0,35.509327,10.917681,6130.9,descent
6650.0,35.509599,10.920099,6053.4,descent
6660.0,35.510006,10.922234,5976.3,descent
6670.0,35.510324,10.924694,5899.7,descent
6680.0,35.510465,10.927089,5823.5,descent
6690.0,35.510721,10.929441,5747.7,descent
6700.0,35.511091,10.931997,5672.3,descent
6710.0,35.511337,10.934138,5597.4,descent
6720.0,35.511683,10.936366,5522.8,descent
6730.0,35.511746,10.938439,5448.6,descent
6740.0,35.512091,10.940587,5374.8,descent
6750.0,35.512379,10.942778,5301.4,descent
6760.0,35.512584,10.944826,5228.4,descent
6770.0,35.51279,10.946734,5155.7,descent
6780.0,35.513012,10.948936,5083.5,descent
6790.0,35.513285,10.950863,5011.6,descent
6800.0,35.51353,10.952762,4940.1,descent
6810.0,35.513674,10.954648,4868.9,descent
6820.0,35.513807,10.956375,4798.1,descent
6830.0,35.513983,10.958195,4727.7,descent
6840.0,35.514076,10.959925,4657.6,descent
6850.0,35.514205,10.961838,4587.9,descent
6860.0,35.514323,10.963473,4518.5,descent
6870.0,35.51463,10.965213,4449.4,descent
6880.0,35.514781,10.966916,4380.7,descent
6890.0,35.514944,10.968636,4312.4,descent
6900.0,35.515007,10.970313,4244.3,descent
6910.0,35.515384,10.971974,4176.6,descent
6920.0,35.515547,10.973531,4109.2,descent
6930.0,35.515678,10.974951,4042.2,descent
6940.0,35.515906,10.976558,3975.4,descent
6950.0,35.516107,10.97807,3909.0,descent
6960.0,35.516147,10.979497,3842.9,descent
6970.0,35.516245,10.980901,3777.1,descent
6980.0,35.516256,10.982188,3711.6,descent
6990.0,35.51639,10.983611,3646.5,descent
7000.0,35.516592,10.98499,3581.6,descent
7010.0,35.516729,10.986392,3517.0,descent
7020.0,35.516861,10.987673,3452.7,descent
7030.0,35.516924,10.98891,3388.7,descent
7040.0,35.516988,10.990172,3325.0,descent
7050.0,35.517056,10.99139,3261.6,descent
7060.0,35.517033,10.992557,3198.5,descent
7070.0,35.517055,10.99363,3135.7,descent
7080.0,35.517187,10.994834,3073.1,descent
7090.0,35.517223,10.996067,3010.9,descent
7100.0,35.517301,10.99721,2948.9,descent
7110.0,35.517382,10.998273,2887.1,descent
7120.0,35.517387,10.99936,2825.7,descent
7130.0,35.517495,11.000414,2764.5,descent
7140.0,35.517518,11.001496,2703.6,descent
7150.0,35.517546,11.002555,2642.9,descent
7160.0,35.517642,11.003547,2582.6,descent
7170.0,35.51776,11.004492,2522.4,descent
7180.0,35.517815,11.005488,2462.6,descent
7190.0,35.517981,11.006417,2402.9,descent
7200.0,35.517981,11.007317,2343.6,descent
7210.0,35.518008,11.008232,2284.5,descent
7220.0,35.517993,11.009101,2225.6,descent
7230.0,35.51802,11.010014,2167.0,descent
7240.0,35.517994,11.011027,2108.6,descent
7250.0,35.518049,11.011906,2050.5,descent
7260.0,35.518061,11.012774,1992.6,descent
7270.0,35.518104,11.013637,1935.0,descent
7280.0,35.518137,11.014556,1877.5,descent
7290.0,35.518161,11.015497,1820.4,descent
7300.0,35.518172,11.016403,1763.4,descent
7310.0,35.51822,11.017259,1706.7,descent
7320.0,35.518223,11.018031,1650.2,descent
7330.0,35.518239,11.018865,1594.0,descent
7340.0,35.518295,11.019593,1537.9,descent
7350.0,35.518361,11.020303,1482.1,descent
7360.0,35.518336,11.021064,1426.6,descent
7370.0,35.518417,11.021801,1371.2,descent
7380.0,35.51843,11.022527,1316.0,descent
7390.0,35.518487,11.02332,1261.1,descent
7400.0,35.518442,11.024013,1206.4,descent
7410.0,35.518429,11.024725,1151.9,descent
7420.0,35.518421,11.025413,1097.6,descent
7430.0,35.518446,11.026111,1043.5,descent
7440.0,35.518486,11.026799,989.7,descent
7450.0,35.518478,11.027458,936.0,descent
7460.0,35.518474,11.028076,882.6,descent
7470.0,35.518494,11.028681,829.3,descent
7480.0,35.518513,11.029283,776.2,descent
7490.0,35.518531,11.029894,723.4,descent
7500.0,35.518547,11.030505,670.7,descent
7510.0,35.518547,11.031067,618.3,descent
7520.0,35.51852,11.031671,566.0,descent
7530.0,35.518489,11.032219,514.0,descent
7540.0,35.518471,11.032706,462.1,descent
7550.0,35.518444,11.03329,410.4,descent
7560.0,35.518408,11.033812,358.9,descent
7570.0,35.518427,11.034344,307.6,descent
7580.0,35.518399,11.034799,256.5,descent
7590.0,35.518346,11.035265,205.6,descent
7600.0,35.518356,11.035733,154.9,descent
7610.0,35.51838,11.036168,104.3,descent
7620.0,35.518353,11.036615,53.9,landing
7630.0,35.518303,11.037044,3.7,landing
7640.0,35.518273,11.037511,0.0,landing
