time_s,lat,lon,alt_m,pressure_hpa,temp_c,humidity_pct,thermal_c,checksum,status,packet
0.0,35.6781,10.0963,65.0,1005.5,14.6,44.0,31.9,8769,A,"TUN,35.6781,10.0963,65,1005.5,14.6,44.0,31.9,8769,A"
10.0,35.678091,10.096777,123.0,998.6,14.2,43.2,31.8,8748,A,"TUN,35.6781,10.0968,123,998.6,14.2,43.2,31.8,8748,A"
20.0,35.678042,10.097275,181.0,991.7,13.8,42.4,31.8,8730,A,"TUN,35.6780,10.0973,181,991.7,13.8,42.4,31.8,8730,A"
30.0,35.678043,10.097722,239.0,984.9,13.4,41.6,31.7,8712,A,"TUN,35.6780,10.0977,239,984.9,13.4,41.6,31.7,8712,A"
40.0,35.678024,10.098233,297.0,978.2,13.1,40.8,31.6,8696,A,"TUN,35.6780,10.0982,297,978.2,13.1,40.8,31.6,8696,A"
50.0,35.67802,10.098754,355.0,971.5,12.7,40.0,31.5,8679,A,"TUN,35.6780,10.0988,355,971.5,12.7,40.0,31.5,8679,A"
60.0,35.677978,10.09931,413.0,964.8,12.3,39.2,31.4,8662,A,"TUN,35.6780,10.0993,413,964.8,12.3,39.2,31.4,8662,A"
70.0,35.677931,10.099856,471.0,958.2,11.9,38.5,31.4,8648,A,"TUN,35.6779,10.0999,471,958.2,11.9,38.5,31.4,8648,A"
80.0,35.677933,10.100429,529.0,951.6,11.6,37.7,31.3,8634,A,"TUN,35.6779,10.1004,529,951.6,11.6,37.7,31.3,8634,A"
90.0,35.67794,10.101012,587.0,945.1,11.2,37.0,31.2,8621,A,"TUN,35.6779,10.1010,587,945.1,11.2,37.0,31.2,8621,A"
100.0,35.677926,10.101623,645.0,938.6,10.8,36.3,31.1,8608,A,"TUN,35.6779,10.1016,645,938.6,10.8,36.3,31.1,8608,A"
110.0,35.67793,10.102216,703.0,932.2,10.4,35.6,31.1,8597,A,"TUN,35.6779,10.1022,703,932.2,10.4,35.6,31.1,8597,A"
120.0,35.677924,10.102865,761.0,925.8,10.1,34.9,31.0,8586,A,"TUN,35.6779,10.1029,761,925.8,10.1,34.9,31.0,8586,A"
130.0,35.677925,10.103476,819.0,919.5,9.7,34.2,30.9,8575,A,"TUN,35.6779,10.1035,819,919.5,9.7,34.2,30.9,8575,A"
140.0,35.677909,10.104129,877.0,913.2,9.3,33.6,30.8,8566,A,"TUN,35.6779,10.1041,877,913.2,9.3,33.6,30.8,8566,A"
150.0,35.677894,10.104792,935.0,906.9,8.9,33.0,30.8,8556,A,"TUN,35.6779,10.1048,935,906.9,8.9,33.0,30.8,8556,A"
160.0,35.677906,10.105526,993.0,900.7,8.5,32.3,30.7,8549,A,"TUN,35.6779,10.1055,993,900.7,8.5,32.3,30.7,8549,A"
170.0,35.67793,10.106183,1051.0,894.5,8.2,31.7,30.6,8541,A,"TUN,35.6779,10.1062,1051,894.5,8.2,31.7,30.6,8541,A"
180.0,35.677899,10.106892,1109.0,888.4,7.8,31.1,30.5,8533,A,"TUN,35.6779,10.1069,1109,888.4,7.8,31.1,30.5,8533,A"
190.0,35.677928,10.107588,1167.0,882.3,7.4,30.5,30.4,8527,A,"TUN,35.6779,10.1076,1167,882.3,7.4,30.5,30.4,8527,A"
200.0,35.677914,10.108273,1225.0,876.3,7.0,29.9,30.4,8522,A,"TUN,35.6779,10.1083,1225,876.3,7.0,29.9,30.4,8522,A"
210.0,35.677904,10.109027,1283.0,870.3,6.7,29.3,30.3,8518,A,"TUN,35.6779,10.1090,1283,870.3,6.7,29.3,30.3,8518,A"
220.0,35.677906,10.109742,1341.0,864.3,6.3,28.8,30.2,8513,A,"TUN,35.6779,10.1097,1341,864.3,6.3,28.8,30.2,8513,A"
230.0,35.67791,10.110499,1399.0,858.4,5.9,28.2,30.1,8508,A,"TUN,35.6779,10.1105,1399,858.4,5.9,28.2,30.1,8508,A"
240.0,35.677915,10.111298,1457.0,852.5,5.5,27.7,30.1,8506,A,"TUN,35.6779,10.1113,1457,852.5,5.5,27.7,30.1,8506,A"
250.0,35.677927,10.112102,1515.0,846.7,5.2,27.2,30.0,8506,A,"TUN,35.6779,10.1121,1515,846.7,5.2,27.2,30.0,8506,A"
260.0,35.677922,10.112905,1573.0,840.8,4.8,26.6,29.9,8502,A,"TUN,35.6779,10.1129,1573,840.8,4.8,26.6,29.9,8502,A"
270.0,35.677949,10.113649,1631.0,835.1,4.4,26.1,29.8,8500,A,"TUN,35.6779,10.1136,1631,835.1,4.4,26.1,29.8,8500,A"
280.0,35.67799,10.114445,1689.0,829.4,4.0,25.6,29.7,8499,A,"TUN,35.6780,10.1144,1689,829.4,4.0,25.6,29.7,8499,A"
290.0,35.67796,10.115263,1747.0,823.7,3.6,25.1,29.7,8499,A,"TUN,35.6780,10.1153,1747,823.7,3.6,25.1,29.7,8499,A"
300.0,35.677949,10.116069,1805.0,818.0,3.3,24.7,29.6,8500,A,"TUN,35.6779,10.1161,1805,818.0,3.3,24.7,29.6,8500,A"
310.0,35.677985,10.116851,1863.0,812.4,2.9,24.2,29.5,8500,A,"TUN,35.6780,10.1169,1863,812.4,2.9,24.2,29.5,8500,A"
320.0,35.677991,10.117726,1921.0,806.9,2.5,23.7,29.4,8502,A,"TUN,35.6780,10.1177,1921,806.9,2.5,23.7,29.4,8502,A"
330.0,35.677992,10.118639,1979.0,801.3,2.1,23.3,29.4,8505,A,"TUN,35.6780,10.1186,1979,801.3,2.1,23.3,29.4,8505,A"
340.0,35.678042,10.119515,2037.0,795.8,1.8,22.8,29.3,8509,A,"TUN,35.6780,10.1195,2037,795.8,1.8,22.8,29.3,8509,A"
350.0,35.678086,10.120459,2095.0,790.4,1.4,22.4,29.2,8513,A,"TUN,35.6781,10.1205,2095,790.4,1.4,22.4,29.2,8513,A"
360.0,35.678163,10.121315,2153.0,785.0,1.0,22.0,29.1,8518,A,"TUN,35.6782,10.1213,2153,785.0,1.0,22.0,29.1,8518,A"
370.0,35.678182,10.122204,2211.0,779.6,0.6,21.5,29.1,8522,A,"TUN,35.6782,10.1222,2211,779.6,0.6,21.5,29.1,8522,A"
380.0,35.678197,10.123156,2269.0,774.2,0.3,21.1,29.0,8527,A,"TUN,35.6782,10.1232,2269,774.2,0.3,21.1,29.0,8527,A"
390.0,35.678235,10.124092,2327.0,768.9,-0.1,20.7,28.9,8533,A,"TUN,35.6782,10.1241,2327,768.9,-0.1,20.7,28.9,8533,A"
400.0,35.678297,10.12509,2385.0,763.7,-0.5,20.3,28.8,8540,A,"TUN,35.6783,10.1251,2385,763.7,-0.5,20.3,28.8,8540,A"
410.0,35.678377,10.126092,2443.0,758.4,-0.9,19.9,28.7,8547,A,"TUN,35.6784,10.1261,2443,758.4,-0.9,19.9,28.7,8547,A"
420.0,35.678444,10.127067,2501.0,753.2,-1.3,19.6,28.7,8557,A,"TUN,35.6784,10.1271,2501,753.2,-1.3,19.6,28.7,8557,A"
430.0,35.678477,10.128015,2559.0,748.1,-1.6,19.2,28.6,8566,A,"TUN,35.6785,10.1280,2559,748.1,-1.6,19.2,28.6,8566,A"
440.0,35.678534,10.129011,2617.0,742.9,-2.0,18.8,28.5,8574,A,"TUN,35.6785,10.1290,2617,742.9,-2.0,18.8,28.5,8574,A"
450.0,35.678577,10.13007,2675.0,737.9,-2.4,18.4,28.4,8583,A,"TUN,35.6786,10.1301,2675,737.9,-2.4,18.4,28.4,8583,A"
460.0,35.678648,10.131149,2733.0,732.8,-2.8,18.1,28.4,8595,A,"TUN,35.6786,10.1311,2733,732.8,-2.8,18.1,28.4,8595,A"
470.0,35.678717,10.132184,2791.0,727.8,-3.1,17.7,28.3,8606,A,"TUN,35.6787,10.1322,2791,727.8,-3.1,17.7,28.3,8606,A"
480.0,35.678841,10.133155,2849.0,722.8,-3.5,17.4,28.2,8617,A,"TUN,35.6788,10.1332,2849,722.8,-3.5,17.4,28.2,8617,A"
490.0,35.678953,10.134161,2907.0,717.8,-3.9,17.1,28.1,8628,A,"TUN,35.6790,10.1342,2907,717.8,-3.9,17.1,28.1,8628,A"
500.0,35.679074,10.135272,2965.0,712.9,-4.3,16.7,28.0,8640,A,"TUN,35.6791,10.1353,2965,712.9,-4.3,16.7,28.0,8640,A"
510.0,35.679091,10.136368,3023.0,708.0,-4.6,16.4,27.4,8648,A,"TUN,35.6791,10.1364,3023,708.0,-4.6,16.4,27.4,8648,A"
520.0,35.679138,10.137489,3081.0,703.2,-5.0,16.1,28.2,8671,A,"TUN,35.6791,10.1375,3081,703.2,-5.0,16.1,28.2,8671,A"
530.0,35.67923,10.138597,3139.0,698.4,-5.4,15.8,28.2,8686,A,"TUN,35.6792,10.1386,3139,698.4,-5.4,15.8,28.2,8686,A"
540.0,35.679332,10.139728,3197.0,693.6,-5.8,15.5,28.1,8701,A,"TUN,35.6793,10.1397,3197,693.6,-5.8,15.5,28.1,8701,A"
550.0,35.679522,10.140978,3255.0,688.8,-6.2,15.2,28.3,8720,A,"TUN,35.6795,10.1410,3255,688.8,-6.2,15.2,28.3,8720,A"
560.0,35.679609,10.142246,3313.0,684.1,-6.5,14.9,27.7,8733,A,"TUN,35.6796,10.1422,3313,684.1,-6.5,14.9,27.7,8733,A"
570.0,35.679782,10.143461,3371.0,679.4,-6.9,14.6,28.6,8759,A,"TUN,35.6798,10.1435,3371,679.4,-6.9,14.6,28.6,8759,A"
580.0,35.679917,10.144752,3429.0,674.8,-7.3,14.3,27.7,8770,A,"TUN,35.6799,10.1448,3429,674.8,-7.3,14.3,27.7,8770,A"
590.0,35.680025,10.146084,3487.0,670.1,-7.7,14.1,28.2,8794,A,"TUN,35.6800,10.1461,3487,670.1,-7.7,14.1,28.2,8794,A"
600.0,35.680162,10.147531,3545.0,665.5,-8.0,13.8,27.5,8809,A,"TUN,35.6802,10.1475,3545,665.5,-8.0,13.8,27.5,8809,A"
610.0,35.680263,10.148829,3603.0,661.0,-8.4,13.5,27.7,8831,A,"TUN,35.6803,10.1488,3603,661.0,-8.4,13.5,27.7,8831,A"
620.0,35.680303,10.150243,3661.0,656.4,-8.8,13.3,28.5,8860,A,"TUN,35.6803,10.1502,3661,656.4,-8.8,13.3,28.5,8860,A"
630.0,35.680411,10.151722,3719.0,651.9,-9.2,13.0,27.9,8876,A,"TUN,35.6804,10.1517,3719,651.9,-9.2,13.0,27.9,8876,A"
640.0,35.680628,10.153257,3777.0,647.5,-9.6,12.8,28.3,8905,A,"TUN,35.6806,10.1533,3777,647.5,-9.6,12.8,28.3,8905,A"
650.0,35.680813,10.154668,3835.0,643.0,-9.9,12.5,28.1,8926,A,"TUN,35.6808,10.1547,3835,643.0,-9.9,12.5,28.1,8926,A"
660.0,35.681034,10.156116,3893.0,638.6,-10.3,12.3,28.0,8950,A,"TUN,35.6810,10.1561,3893,638.6,-10.3,12.3,28.0,8950,A"
670.0,35.681195,10.15768,3951.0,634.3,-10.7,12.1,28.4,8979,A,"TUN,35.6812,10.1577,3951,634.3,-10.7,12.1,28.4,8979,A"
680.0,35.681393,10.159099,4009.0,629.9,-11.1,11.8,27.9,8997,A,"TUN,35.6814,10.1591,4009,629.9,-11.1,11.8,27.9,8997,A"
690.0,35.68149,10.160699,4067.0,625.6,-11.4,11.6,27.5,9020,A,"TUN,35.6815,10.1607,4067,625.6,-11.4,11.6,27.5,9020,A"
700.0,35.681443,10.162464,4125.0,621.3,-11.8,11.4,27.8,9050,A,"TUN,35.6814,10.1625,4125,621.3,-11.8,11.4,27.8,9050,A"
710.0,35.681676,10.164104,4183.0,617.0,-12.2,11.2,28.2,9082,A,"TUN,35.6817,10.1641,4183,617.0,-12.2,11.2,28.2,9082,A"
720.0,35.681808,10.165575,4241.0,612.8,-12.6,10.9,28.1,9106,A,"TUN,35.6818,10.1656,4241,612.8,-12.6,10.9,28.1,9106,A"
730.0,35.681999,10.167172,4299.0,608.6,-12.9,10.7,27.5,9128,A,"TUN,35.6820,10.1672,4299,608.6,-12.9,10.7,27.5,9128,A"
740.0,35.682179,10.168813,4357.0,604.4,-13.3,10.5,27.8,9160,A,"TUN,35.6822,10.1688,4357,604.4,-13.3,10.5,27.8,9160,A"
750.0,35.682357,10.170626,4415.0,600.3,-13.7,10.3,27.8,9191,A,"TUN,35.6824,10.1706,4415,600.3,-13.7,10.3,27.8,9191,A"
760.0,35.682617,10.172342,4473.0,596.2,-14.1,10.1,27.9,9223,A,"TUN,35.6826,10.1723,4473,596.2,-14.1,10.1,27.9,9223,A"
770.0,35.682825,10.173958,4531.0,592.1,-14.5,9.9,27.6,9249,A,"TUN,35.6828,10.1740,4531,592.1,-14.5,9.9,27.6,9249,A"
780.0,35.682885,10.175762,4589.0,588.0,-14.8,9.7,27.8,9281,A,"TUN,35.6829,10.1758,4589,588.0,-14.8,9.7,27.8,9281,A"
790.0,35.683011,10.177604,4647.0,584.0,-15.2,9.6,27.8,9315,A,"TUN,35.6830,10.1776,4647,584.0,-15.2,9.6,27.8,9315,A"
800.0,35.683302,10.179384,4705.0,580.0,-15.6,9.4,28.2,9351,A,"TUN,35.6833,10.1794,4705,580.0,-15.6,9.4,28.2,9351,A"
810.0,35.683558,10.181153,4763.0,576.0,-16.0,9.2,28.2,9383,A,"TUN,35.6836,10.1812,4763,576.0,-16.0,9.2,28.2,9383,A"
820.0,35.683872,10.183235,4821.0,572.1,-16.3,9.0,28.0,9419,A,"TUN,35.6839,10.1832,4821,572.1,-16.3,9.0,28.0,9419,A"
830.0,35.684181,10.18522,4879.0,568.2,-16.7,8.8,27.9,9454,A,"TUN,35.6842,10.1852,4879,568.2,-16.7,8.8,27.9,9454,A"
840.0,35.684386,10.187261,4937.0,564.3,-17.1,8.7,28.0,9491,A,"TUN,35.6844,10.1873,4937,564.3,-17.1,8.7,28.0,9491,A"
850.0,35.684622,10.189214,4995.0,560.4,-17.5,8.5,27.8,9525,A,"TUN,35.6846,10.1892,4995,560.4,-17.5,8.5,27.8,9525,A"
860.0,35.684817,10.19115,5053.0,556.6,-17.8,8.4,27.7,9561,A,"TUN,35.6848,10.1912,5053,556.6,-17.8,8.4,27.7,9561,A"
870.0,35.68516,10.193101,5111.0,552.8,-18.2,8.2,27.7,9598,A,"TUN,35.6852,10.1931,5111,552.8,-18.2,8.2,27.7,9598,A"
880.0,35.685381,10.195017,5169.0,549.0,-18.6,8.0,27.8,9634,A,"TUN,35.6854,10.1950,5169,549.0,-18.6,8.0,27.8,9634,A"
890.0,35.685644,10.197253,5227.0,545.2,-19.0,7.9,27.7,9673,A,"TUN,35.6856,10.1973,5227,545.2,-19.0,7.9,27.7,9673,A"
900.0,35.685881,10.199339,5285.0,541.5,-19.4,7.7,28.0,9714,A,"TUN,35.6859,10.1993,5285,541.5,-19.4,7.7,28.0,9714,A"
910.0,35.686147,10.2016,5343.0,537.8,-19.7,7.6,28.2,9758,A,"TUN,35.6861,10.2016,5343,537.8,-19.7,7.6,28.2,9758,A"
920.0,35.686318,10.203716,5401.0,534.1,-20.1,7.4,27.5,9790,A,"TUN,35.6863,10.2037,5401,534.1,-20.1,7.4,27.5,9790,A"
930.0,35.68646,10.205952,5459.0,530.4,-20.5,7.3,28.0,9834,A,"TUN,35.6865,10.2060,5459,530.4,-20.5,7.3,28.0,9834,A"
940.0,35.686866,10.208139,5517.0,526.8,-20.9,7.2,27.9,9876,A,"TUN,35.6869,10.2081,5517,526.8,-20.9,7.2,27.9,9876,A"
950.0,35.686995,10.210226,5575.0,523.2,-21.2,7.0,28.1,9917,A,"TUN,35.6870,10.2102,5575,523.2,-21.2,7.0,28.1,9917,A"
960.0,35.68734,10.212659,5633.0,519.6,-21.6,6.9,28.0,9961,A,"TUN,35.6873,10.2127,5633,519.6,-21.6,6.9,28.0,9961,A"
970.0,35.687503,10.214905,5691.0,516.0,-22.0,6.8,27.6,9999,A,"TUN,35.6875,10.2149,5691,516.0,-22.0,6.8,27.6,9999,A"
980.0,35.687882,10.217051,5749.0,512.5,-22.4,6.6,27.6,40,A,"TUN,35.6879,10.2171,5749,512.5,-22.4,6.6,27.6,40,A"
990.0,35.688254,10.219434,5807.0,509.0,-22.7,6.5,28.0,91,A,"TUN,35.6883,10.2194,5807,509.0,-22.7,6.5,28.0,91,A"
1000.0,35.688597,10.221771,5865.0,505.5,-23.1,6.4,28.3,138,A,"TUN,35.6886,10.2218,5865,505.5,-23.1,6.4,28.3,138,A"
1010.0,35.688793,10.224202,5923.0,502.0,-23.5,6.2,27.3,172,A,"TUN,35.6888,10.2242,5923,502.0,-23.5,6.2,27.3,172,A"
1020.0,35.68907,10.226616,5981.0,498.6,-23.9,6.1,28.1,226,A,"TUN,35.6891,10.2266,5981,498.6,-23.9,6.1,28.1,226,A"
1030.0,35.689387,10.228784,6039.0,495.2,-24.3,6.0,28.4,272,A,"TUN,35.6894,10.2288,6039,495.2,-24.3,6.0,28.4,272,A"
1040.0,35.689848,10.231094,6097.0,491.8,-24.6,5.9,28.0,316,A,"TUN,35.6898,10.2311,6097,491.8,-24.6,5.9,28.0,316,A"
1050.0,35.690229,10.233447,6155.0,488.4,-25.0,5.8,28.2,365,A,"TUN,35.6902,10.2334,6155,488.4,-25.0,5.8,28.2,365,A"
1060.0,35.690762,10.236019,6213.0,485.1,-25.4,5.7,27.8,412,A,"TUN,35.6908,10.2360,6213,485.1,-25.4,5.7,27.8,412,A"
1070.0,35.691193,10.238534,6271.0,481.7,-25.8,5.6,28.0,462,A,"TUN,35.6912,10.2385,6271,481.7,-25.8,5.6,28.0,462,A"
1080.0,35.691465,10.241063,6329.0,478.4,-26.1,5.5,27.5,506,A,"TUN,35.6915,10.2411,6329,478.4,-26.1,5.5,27.5,506,A"
1090.0,35.691718,10.243738,6387.0,475.1,-26.5,5.4,27.3,554,A,"TUN,35.6917,10.2437,6387,475.1,-26.5,5.4,27.3,554,A"
1100.0,35.692192,10.246301,6445.0,471.9,-26.9,5.3,28.3,615,A,"TUN,35.6922,10.2463,6445,471.9,-26.9,5.3,28.3,615,A"
1110.0,35.692569,10.248908,6503.0,468.7,-27.3,5.1,27.7,659,A,"TUN,35.6926,10.2489,6503,468.7,-27.3,5.1,27.7,659,A"
1120.0,35.693112,10.251554,6561.0,465.4,-27.6,5.1,27.9,715,A,"TUN,35.6931,10.2516,6561,465.4,-27.6,5.1,27.9,715,A"
1130.0,35.693513,10.254254,6619.0,462.3,-28.0,5.0,27.6,765,A,"TUN,35.6935,10.2543,6619,462.3,-28.0,5.0,27.6,765,A"
1140.0,35.693755,10.257349,6677.0,459.1,-28.4,4.9,27.6,819,A,"TUN,35.6938,10.2573,6677,459.1,-28.4,4.9,27.6,819,A"
1150.0,35.694209,10.259959,6735.0,455.9,-28.8,4.8,27.9,874,A,"TUN,35.6942,10.2600,6735,455.9,-28.8,4.8,27.9,874,A"
1160.0,35.694689,10.262502,6793.0,452.8,-29.2,4.7,27.8,925,A,"TUN,35.6947,10.2625,6793,452.8,-29.2,4.7,27.8,925,A"
1170.0,35.695008,10.265365,6851.0,449.7,-29.5,4.6,28.1,983,A,"TUN,35.6950,10.2654,6851,449.7,-29.5,4.6,28.1,983,A"
1180.0,35.695532,10.268056,6909.0,446.6,-29.9,4.5,28.1,1037,A,"TUN,35.6955,10.2681,6909,446.6,-29.9,4.5,28.1,1037,A"
1190.0,35.695972,10.270587,6967.0,443.6,-30.3,4.4,28.1,1089,A,"TUN,35.6960,10.2706,6967,443.6,-30.3,4.4,28.1,1089,A"
1200.0,35.69649,10.273286,7025.0,440.5,-30.7,4.3,28.1,1143,A,"TUN,35.6965,10.2733,7025,440.5,-30.7,4.3,28.1,1143,A"
1210.0,35.696971,10.276049,7083.0,437.5,-31.0,4.2,28.5,1204,A,"TUN,35.6970,10.2760,7083,437.5,-31.0,4.2,28.5,1204,A"
1220.0,35.697591,10.278661,7141.0,434.5,-31.4,4.2,27.7,1252,A,"TUN,35.6976,10.2787,7141,434.5,-31.4,4.2,27.7,1252,A"
1230.0,35.698331,10.281867,7199.0,431.5,-31.8,4.1,28.0,1318,A,"TUN,35.6983,10.2819,7199,431.5,-31.8,4.1,28.0,1318,A"
1240.0,35.698598,10.284721,7257.0,428.6,-32.2,4.0,28.3,1376,A,"TUN,35.6986,10.2847,7257,428.6,-32.2,4.0,28.3,1376,A"
1250.0,35.699371,10.288102,7315.0,425.6,-32.5,3.9,28.4,1443,A,"TUN,35.6994,10.2881,7315,425.6,-32.5,3.9,28.4,1443,A"
1260.0,35.699852,10.291082,7373.0,422.7,-32.9,3.9,27.6,1494,A,"TUN,35.6999,10.2911,7373,422.7,-32.9,3.9,27.6,1494,A"
1270.0,35.700582,10.294354,7431.0,419.8,-33.3,3.8,27.9,1561,A,"TUN,35.7006,10.2944,7431,419.8,-33.3,3.8,27.9,1561,A"
1280.0,35.701027,10.297418,7489.0,416.9,-33.7,3.7,28.4,1626,A,"TUN,35.7010,10.2974,7489,416.9,-33.7,3.7,28.4,1626,A"
1290.0,35.701652,10.300573,7547.0,414.1,-34.1,3.6,28.2,1686,A,"TUN,35.7017,10.3006,7547,414.1,-34.1,3.6,28.2,1686,A"
1300.0,35.7024,10.303622,7605.0,411.3,-34.4,3.6,28.1,1751,A,"TUN,35.7024,10.3036,7605,411.3,-34.4,3.6,28.1,1751,A"
1310.0,35.703009,10.306729,7663.0,408.4,-34.8,3.5,27.9,1810,A,"TUN,35.7030,10.3067,7663,408.4,-34.8,3.5,27.9,1810,A"
1320.0,35.703681,10.309924,7721.0,405.6,-35.2,3.4,27.9,1873,A,"TUN,35.7037,10.3099,7721,405.6,-35.2,3.4,27.9,1873,A"
1330.0,35.704153,10.313241,7779.0,402.9,-35.6,3.4,28.1,1940,A,"TUN,35.7042,10.3132,7779,402.9,-35.6,3.4,28.1,1940,A"
1340.0,35.704717,10.316512,7837.0,400.1,-35.9,3.3,27.9,2003,A,"TUN,35.7047,10.3165,7837,400.1,-35.9,3.3,27.9,2003,A"
1350.0,35.705338,10.319778,7895.0,397.4,-36.3,3.2,28.0,2068,A,"TUN,35.7053,10.3198,7895,397.4,-36.3,3.2,28.0,2068,A"
1360.0,35.7059,10.322956,7953.0,394.6,-36.7,3.2,28.0,2132,A,"TUN,35.7059,10.3230,7953,394.6,-36.7,3.2,28.0,2132,A"
1370.0,35.706239,10.326315,8011.0,391.9,-37.1,3.1,27.8,2193,A,"TUN,35.7062,10.3263,8011,391.9,-37.1,3.1,27.8,2193,A"
1380.0,35.706878,10.329929,8069.0,389.2,-37.4,3.1,28.2,2267,A,"TUN,35.7069,10.3299,8069,389.2,-37.4,3.1,28.2,2267,A"
1390.0,35.707662,10.333112,8127.0,386.6,-37.8,3.0,28.9,2341,A,"TUN,35.7077,10.3331,8127,386.6,-37.8,3.0,28.9,2341,A"
1400.0,35.708329,10.336712,8185.0,383.9,-38.2,2.9,27.5,2396,A,"TUN,35.7083,10.3367,8185,383.9,-38.2,2.9,27.5,2396,A"
1410.0,35.709279,10.340114,8243.0,381.3,-38.6,2.9,28.1,2473,A,"TUN,35.7093,10.3401,8243,381.3,-38.6,2.9,28.1,2473,A"
1420.0,35.709929,10.343732,8301.0,378.7,-39.0,2.8,27.8,2540,A,"TUN,35.7099,10.3437,8301,378.7,-39.0,2.8,27.8,2540,A"
1430.0,35.710653,10.346982,8359.0,376.1,-39.3,2.8,28.2,2612,A,"TUN,35.7107,10.3470,8359,376.1,-39.3,2.8,28.2,2612,A"
1440.0,35.711363,10.35052,8417.0,373.5,-39.7,2.7,28.0,2680,A,"TUN,35.7114,10.3505,8417,373.5,-39.7,2.7,28.0,2680,A"
1450.0,35.712086,10.353979,8475.0,370.9,-40.1,2.7,28.2,2751,A,"TUN,35.7121,10.3540,8475,370.9,-40.1,2.7,28.2,2751,A"
1460.0,35.712782,10.357482,8533.0,368.4,-40.5,2.6,28.4,2823,A,"TUN,35.7128,10.3575,8533,368.4,-40.5,2.6,28.4,2823,A"
1470.0,35.713985,10.361145,8591.0,365.9,-40.8,2.6,28.1,2899,A,"TUN,35.7140,10.3611,8591,365.9,-40.8,2.6,28.1,2899,A"
1480.0,35.714699,10.364702,8649.0,363.4,-41.2,2.5,28.3,2972,A,"TUN,35.7147,10.3647,8649,363.4,-41.2,2.5,28.3,2972,A"
1490.0,35.715528,10.368353,8707.0,360.9,-41.6,2.5,27.3,3036,A,"TUN,35.7155,10.3684,8707,360.9,-41.6,2.5,27.3,3036,A"
1500.0,35.716185,10.37169,8765.0,358.4,-42.0,2.4,28.5,3115,A,"TUN,35.7162,10.3717,8765,358.4,-42.0,2.4,28.5,3115,A"
1510.0,35.717291,10.375577,8823.0,356.0,-42.3,2.4,28.1,3192,A,"TUN,35.7173,10.3756,8823,356.0,-42.3,2.4,28.1,3192,A"
1520.0,35.718171,10.379412,8881.0,353.5,-42.7,2.3,28.3,3270,A,"TUN,35.7182,10.3794,8881,353.5,-42.7,2.3,28.3,3270,A"
1530.0,35.719136,10.383059,8939.0,351.1,-43.1,2.3,27.6,3339,A,"TUN,35.7191,10.3831,8939,351.1,-43.1,2.3,27.6,3339,A"
1540.0,35.719731,10.386798,8997.0,348.7,-43.5,2.2,27.8,3413,A,"TUN,35.7197,10.3868,8997,348.7,-43.5,2.2,27.8,3413,A"
1550.0,35.720266,10.390718,9055.0,346.3,-43.9,2.2,28.0,3490,A,"TUN,35.7203,10.3907,9055,346.3,-43.9,2.2,28.0,3490,A"
1560.0,35.721016,10.394686,9113.0,343.9,-44.2,2.2,28.0,3568,A,"TUN,35.7210,10.3947,9113,343.9,-44.2,2.2,28.0,3568,A"
1570.0,35.721768,10.398749,9171.0,341.6,-44.6,2.1,28.1,3647,A,"TUN,35.7218,10.3987,9171,341.6,-44.6,2.1,28.1,3647,A"
1580.0,35.722589,10.402594,9229.0,339.2,-45.0,2.1,28.3,3725,A,"TUN,35.7226,10.4026,9229,339.2,-45.0,2.1,28.3,3725,A"
1590.0,35.723425,10.406268,9287.0,336.9,-45.4,2.0,27.5,3793,A,"TUN,35.7234,10.4063,9287,336.9,-45.4,2.0,27.5,3793,A"
1600.0,35.724358,10.410074,9345.0,334.6,-45.7,2.0,28.3,3880,A,"TUN,35.7244,10.4101,9345,334.6,-45.7,2.0,28.3,3880,A"
1610.0,35.725105,10.413885,9403.0,332.3,-46.1,2.0,28.0,3954,A,"TUN,35.7251,10.4139,9403,332.3,-46.1,2.0,28.0,3954,A"
1620.0,35.72569,10.417797,9461.0,330.0,-46.5,2.0,27.9,4028,A,"TUN,35.7257,10.4178,9461,330.0,-46.5,2.0,27.9,4028,A"
1630.0,35.726278,10.421817,9519.0,327.8,-46.9,2.0,27.6,4104,A,"TUN,35.7263,10.4218,9519,327.8,-46.9,2.0,27.6,4104,A"
1640.0,35.726873,10.425173,9577.0,325.5,-47.3,2.0,28.2,4180,A,"TUN,35.7269,10.4252,9577,325.5,-47.3,2.0,28.2,4180,A"
1650.0,35.727529,10.428573,9635.0,323.3,-47.6,2.0,27.3,4245,A,"TUN,35.7275,10.4286,9635,323.3,-47.6,2.0,27.3,4245,A"
1660.0,35.728069,10.432495,9693.0,321.1,-48.0,2.0,28.2,4330,A,"TUN,35.7281,10.4325,9693,321.1,-48.0,2.0,28.2,4330,A"
1670.0,35.728781,10.43594,9751.0,318.9,-48.4,2.0,27.6,4398,A,"TUN,35.7288,10.4359,9751,318.9,-48.4,2.0,27.6,4398,A"
1680.0,35.729533,10.439495,9809.0,316.7,-48.8,2.0,28.0,4477,A,"TUN,35.7295,10.4395,9809,316.7,-48.8,2.0,28.0,4477,A"
1690.0,35.730017,10.442975,9867.0,314.5,-49.1,2.0,28.0,4550,A,"TUN,35.7300,10.4430,9867,314.5,-49.1,2.0,28.0,4550,A"
1700.0,35.730482,10.446781,9925.0,312.4,-49.5,2.0,28.4,4629,A,"TUN,35.7305,10.4468,9925,312.4,-49.5,2.0,28.4,4629,A"
1710.0,35.730897,10.449948,9983.0,310.2,-49.9,2.0,27.9,4692,A,"TUN,35.7309,10.4499,9983,310.2,-49.9,2.0,27.9,4692,A"
1720.0,35.731334,10.453529,10041.0,308.1,-50.3,2.0,27.8,4765,A,"TUN,35.7313,10.4535,10041,308.1,-50.3,2.0,27.8,4765,A"
1730.0,35.732187,10.457268,10099.0,306.0,-50.6,2.0,27.8,4844,A,"TUN,35.7322,10.4573,10099,306.0,-50.6,2.0,27.8,4844,A"
1740.0,35.732552,10.460712,10157.0,303.9,-51.0,2.0,28.4,4922,A,"TUN,35.7326,10.4607,10157,303.9,-51.0,2.0,28.4,4922,A"
1750.0,35.732761,10.463983,10215.0,301.8,-51.4,2.0,28.2,4987,A,"TUN,35.7328,10.4640,10215,301.8,-51.4,2.0,28.2,4987,A"
1760.0,35.733073,10.467577,10273.0,299.7,-51.8,2.0,27.9,5056,A,"TUN,35.7331,10.4676,10273,299.7,-51.8,2.0,27.9,5056,A"
1770.0,35.733359,10.470991,10331.0,297.7,-52.2,2.0,27.9,5127,A,"TUN,35.7334,10.4710,10331,297.7,-52.2,2.0,27.9,5127,A"
1780.0,35.733744,10.474667,10389.0,295.6,-52.5,2.0,27.5,5198,A,"TUN,35.7337,10.4747,10389,295.6,-52.5,2.0,27.5,5198,A"
1790.0,35.734093,10.478186,10447.0,293.6,-52.9,2.0,28.1,5276,A,"TUN,35.7341,10.4782,10447,293.6,-52.9,2.0,28.1,5276,A"
1800.0,35.734466,10.481492,10505.0,291.6,-53.3,2.0,27.5,5341,A,"TUN,35.7345,10.4815,10505,291.6,-53.3,2.0,27.5,5341,A"
1810.0,35.73476,10.48492,10563.0,289.6,-53.7,2.0,28.2,5420,A,"TUN,35.7348,10.4849,10563,289.6,-53.7,2.0,28.2,5420,A"
1820.0,35.735276,10.488495,10621.0,287.6,-54.0,2.0,28.0,5493,A,"TUN,35.7353,10.4885,10621,287.6,-54.0,2.0,28.0,5493,A"
1830.0,35.73538,10.491915,10679.0,285.6,-54.4,2.0,28.7,5570,A,"TUN,35.7354,10.4919,10679,285.6,-54.4,2.0,28.7,5570,A"
1840.0,35.735789,10.495178,10737.0,283.7,-54.8,2.0,27.7,5631,A,"TUN,35.7358,10.4952,10737,283.7,-54.8,2.0,27.7,5631,A"
1850.0,35.73596,10.498619,10795.0,281.7,-55.2,2.0,28.0,5705,A,"TUN,35.7360,10.4986,10795,281.7,-55.2,2.0,28.0,5705,A"
1860.0,35.736044,10.502019,10853.0,279.8,-55.5,2.0,28.5,5781,A,"TUN,35.7360,10.5020,10853,279.8,-55.5,2.0,28.5,5781,A"
1870.0,35.73619,10.505543,10911.0,277.9,-55.9,2.0,28.4,5851,A,"TUN,35.7362,10.5055,10911,277.9,-55.9,2.0,28.4,5851,A"
1880.0,35.7361,10.509003,10969.0,276.0,-56.3,2.0,27.8,5915,A,"TUN,35.7361,10.5090,10969,276.0,-56.3,2.0,27.8,5915,A"
1890.0,35.736609,10.512263,11027.0,274.1,-56.5,2.0,28.1,5992,A,"TUN,35.7366,10.5123,11027,274.1,-56.5,2.0,28.1,5992,A"
1900.0,35.736912,10.51585,11085.0,272.2,-56.5,2.0,28.0,6069,A,"TUN,35.7369,10.5159,11085,272.2,-56.5,2.0,28.0,6069,A"
1910.0,35.736929,10.519191,11143.0,270.4,-56.5,2.0,28.1,6143,A,"TUN,35.7369,10.5192,11143,270.4,-56.5,2.0,28.1,6143,A"
1920.0,35.737262,10.522207,11201.0,268.5,-56.5,2.0,27.8,6213,A,"TUN,35.7373,10.5222,11201,268.5,-56.5,2.0,27.8,6213,A"
1930.0,35.737523,10.52522,11259.0,266.7,-56.5,2.0,28.0,6288,A,"TUN,35.7375,10.5252,11259,266.7,-56.5,2.0,28.0,6288,A"
1940.0,35.73761,10.52857,11317.0,264.8,-56.5,2.0,27.5,6356,A,"TUN,35.7376,10.5286,11317,264.8,-56.5,2.0,27.5,6356,A"
1950.0,35.737955,10.531851,11375.0,263.0,-56.5,2.0,28.0,6437,A,"TUN,35.7380,10.5319,11375,263.0,-56.5,2.0,28.0,6437,A"
1960.0,35.738063,10.534722,11433.0,261.2,-56.5,2.0,28.1,6508,A,"TUN,35.7381,10.5347,11433,261.2,-56.5,2.0,28.1,6508,A"
1970.0,35.738116,10.537879,11491.0,259.4,-56.5,2.0,27.9,6578,A,"TUN,35.7381,10.5379,11491,259.4,-56.5,2.0,27.9,6578,A"
1980.0,35.738202,10.541209,11549.0,257.6,-56.5,2.0,27.5,6649,A,"TUN,35.7382,10.5412,11549,257.6,-56.5,2.0,27.5,6649,A"
1990.0,35.738263,10.544533,11607.0,255.9,-56.5,2.0,28.3,6731,A,"TUN,35.7383,10.5445,11607,255.9,-56.5,2.0,28.3,6731,A"
2000.0,35.738438,10.5478,11665.0,254.1,-56.5,2.0,28.1,6804,A,"TUN,35.7384,10.5478,11665,254.1,-56.5,2.0,28.1,6804,A"
2010.0,35.738474,10.550945,11723.0,252.4,-56.5,2.0,27.8,6873,A,"TUN,35.7385,10.5509,11723,252.4,-56.5,2.0,27.8,6873,A"
2020.0,35.73858,10.554231,11781.0,250.7,-56.5,2.0,27.9,6949,A,"TUN,35.7386,10.5542,11781,250.7,-56.5,2.0,27.9,6949,A"
2030.0,35.738653,10.557455,11839.0,248.9,-56.5,2.0,27.5,7018,A,"TUN,35.7387,10.5575,11839,248.9,-56.5,2.0,27.5,7018,A"
2040.0,35.738566,10.560564,11897.0,247.2,-56.5,2.0,27.7,7091,A,"TUN,35.7386,10.5606,11897,247.2,-56.5,2.0,27.7,7091,A"
2050.0,35.738729,10.56336,11955.0,245.5,-56.5,2.0,27.8,7163,A,"TUN,35.7387,10.5634,11955,245.5,-56.5,2.0,27.8,7163,A"
2060.0,35.73901,10.566207,12013.0,243.9,-56.5,2.0,28.4,7243,A,"TUN,35.7390,10.5662,12013,243.9,-56.5,2.0,28.4,7243,A"
2070.0,35.738901,10.569175,12071.0,242.2,-56.5,2.0,27.8,7306,A,"TUN,35.7389,10.5692,12071,242.2,-56.5,2.0,27.8,7306,A"
2080.0,35.738848,10.572183,12129.0,240.5,-56.5,2.0,28.2,7380,A,"TUN,35.7388,10.5722,12129,240.5,-56.5,2.0,28.2,7380,A"
2090.0,35.738626,10.575366,12187.0,238.9,-56.5,2.0,27.8,7448,A,"TUN,35.7386,10.5754,12187,238.9,-56.5,2.0,27.8,7448,A"
2100.0,35.738402,10.57835,12245.0,237.2,-56.5,2.0,28.1,7520,A,"TUN,35.7384,10.5784,12245,237.2,-56.5,2.0,28.1,7520,A"
2110.0,35.738444,10.581348,12303.0,235.6,-56.5,2.0,28.0,7591,A,"TUN,35.7384,10.5813,12303,235.6,-56.5,2.0,28.0,7591,A"
2120.0,35.738551,10.584219,12361.0,234.0,-56.5,2.0,28.3,7666,A,"TUN,35.7386,10.5842,12361,234.0,-56.5,2.0,28.3,7666,A"
2130.0,35.738511,10.587028,12419.0,232.4,-56.5,2.0,27.8,7731,A,"TUN,35.7385,10.5870,12419,232.4,-56.5,2.0,27.8,7731,A"
2140.0,35.738187,10.590036,12477.0,230.8,-56.5,2.0,27.5,7796,A,"TUN,35.7382,10.5900,12477,230.8,-56.5,2.0,27.5,7796,A"
2150.0,35.73804,10.592725,12535.0,229.2,-56.5,2.0,27.6,7865,A,"TUN,35.7380,10.5927,12535,229.2,-56.5,2.0,27.6,7865,A"
2160.0,35.737871,10.59544,12593.0,227.6,-56.5,2.0,27.8,7934,A,"TUN,35.7379,10.5954,12593,227.6,-56.5,2.0,27.8,7934,A"
2170.0,35.737961,10.598269,12651.0,226.1,-56.5,2.0,27.6,8004,A,"TUN,35.7380,10.5983,12651,226.1,-56.5,2.0,27.6,8004,A"
2180.0,35.737888,10.601226,12709.0,224.5,-56.5,2.0,28.1,8080,A,"TUN,35.7379,10.6012,12709,224.5,-56.5,2.0,28.1,8080,A"
2190.0,35.737864,10.603956,12767.0,223.0,-56.5,2.0,27.9,8148,A,"TUN,35.7379,10.6040,12767,223.0,-56.5,2.0,27.9,8148,A"
2200.0,35.737658,10.606635,12825.0,221.5,-56.5,2.0,28.7,8224,A,"TUN,35.7377,10.6066,12825,221.5,-56.5,2.0,28.7,8224,A"
2210.0,35.737449,10.609357,12883.0,220.0,-56.5,2.0,27.5,8280,A,"TUN,35.7374,10.6094,12883,220.0,-56.5,2.0,27.5,8280,A"
2220.0,35.737108,10.612112,12941.0,218.4,-56.5,2.0,28.1,8353,A,"TUN,35.7371,10.6121,12941,218.4,-56.5,2.0,28.1,8353,A"
2230.0,35.737087,10.61478,12999.0,216.9,-56.5,2.0,27.7,8417,A,"TUN,35.7371,10.6148,12999,216.9,-56.5,2.0,27.7,8417,A"
2240.0,35.736915,10.617608,13057.0,215.5,-56.5,2.0,27.9,8491,A,"TUN,35.7369,10.6176,13057,215.5,-56.5,2.0,27.9,8491,A"
2250.0,35.736647,10.620407,13115.0,214.0,-56.5,2.0,28.0,8560,A,"TUN,35.7366,10.6204,13115,214.0,-56.5,2.0,28.0,8560,A"
2260.0,35.73639,10.623018,13173.0,212.5,-56.5,2.0,27.3,8619,A,"TUN,35.7364,10.6230,13173,212.5,-56.5,2.0,27.3,8619,A"
2270.0,35.735888,10.625832,13231.0,211.1,-56.5,2.0,28.1,8694,A,"TUN,35.7359,10.6258,13231,211.1,-56.5,2.0,28.1,8694,A"
2280.0,35.735633,10.628424,13289.0,209.6,-56.5,2.0,28.6,8766,A,"TUN,35.7356,10.6284,13289,209.6,-56.5,2.0,28.6,8766,A"
2290.0,35.735471,10.631136,13347.0,208.2,-56.5,2.0,27.9,8828,A,"TUN,35.7355,10.6311,13347,208.2,-56.5,2.0,27.9,8828,A"
2300.0,35.735216,10.633716,13405.0,206.8,-56.5,2.0,28.1,8898,A,"TUN,35.7352,10.6337,13405,206.8,-56.5,2.0,28.1,8898,A"
2310.0,35.735041,10.636282,13463.0,205.3,-56.5,2.0,28.3,8966,A,"TUN,35.7350,10.6363,13463,205.3,-56.5,2.0,28.3,8966,A"
2320.0,35.734995,10.638594,13521.0,203.9,-56.5,2.0,28.0,9029,A,"TUN,35.7350,10.6386,13521,203.9,-56.5,2.0,28.0,9029,A"
2330.0,35.734778,10.64093,13579.0,202.5,-56.5,2.0,27.8,9093,A,"TUN,35.7348,10.6409,13579,202.5,-56.5,2.0,27.8,9093,A"
2340.0,35.734301,10.643289,13637.0,201.1,-56.5,2.0,27.3,9151,A,"TUN,35.7343,10.6433,13637,201.1,-56.5,2.0,27.3,9151,A"
2350.0,35.734097,10.645856,13695.0,199.8,-56.5,2.0,28.2,9228,A,"TUN,35.7341,10.6459,13695,199.8,-56.5,2.0,28.2,9228,A"
2360.0,35.733835,10.6483,13753.0,198.4,-56.5,2.0,28.0,9293,A,"TUN,35.7338,10.6483,13753,198.4,-56.5,2.0,28.0,9293,A"
2370.0,35.733514,10.650632,13811.0,197.0,-56.5,2.0,27.7,9354,A,"TUN,35.7335,10.6506,13811,197.0,-56.5,2.0,27.7,9354,A"
2380.0,35.733226,10.653057,13869.0,195.7,-56.5,2.0,28.0,9423,A,"TUN,35.7332,10.6531,13869,195.7,-56.5,2.0,28.0,9423,A"
2390.0,35.733008,10.655523,13927.0,194.3,-56.5,2.0,27.8,9488,A,"TUN,35.7330,10.6555,13927,194.3,-56.5,2.0,27.8,9488,A"
2400.0,35.732432,10.657745,13985.0,193.0,-56.5,2.0,27.8,9549,A,"TUN,35.7324,10.6577,13985,193.0,-56.5,2.0,27.8,9549,A"
2410.0,35.731956,10.660006,14043.0,191.7,-56.5,2.0,28.2,9616,A,"TUN,35.7320,10.6600,14043,191.7,-56.5,2.0,28.2,9616,A"
2420.0,35.731561,10.662252,14101.0,190.4,-56.5,2.0,27.6,9673,A,"TUN,35.7316,10.6623,14101,190.4,-56.5,2.0,27.6,9673,A"
2430.0,35.731234,10.664474,14159.0,189.1,-56.5,2.0,28.3,9744,A,"TUN,35.7312,10.6645,14159,189.1,-56.5,2.0,28.3,9744,A"
2440.0,35.730859,10.666579,14217.0,187.8,-56.5,2.0,27.6,9799,A,"TUN,35.7309,10.6666,14217,187.8,-56.5,2.0,27.6,9799,A"
2450.0,35.73046,10.668647,14275.0,186.5,-56.5,2.0,27.8,9863,A,"TUN,35.7305,10.6686,14275,186.5,-56.5,2.0,27.8,9863,A"
2460.0,35.730044,10.670906,14333.0,185.2,-56.5,2.0,28.6,9935,A,"TUN,35.7300,10.6709,14333,185.2,-56.5,2.0,28.6,9935,A"
2470.0,35.729643,10.672992,14391.0,183.9,-56.5,2.0,28.3,9993,A,"TUN,35.7296,10.6730,14391,183.9,-56.5,2.0,28.3,9993,A"
2480.0,35.729197,10.675039,14449.0,182.7,-56.5,2.0,28.0,52,A,"TUN,35.7292,10.6750,14449,182.7,-56.5,2.0,28.0,52,A"
2490.0,35.728883,10.676934,14507.0,181.4,-56.5,2.0,27.7,110,A,"TUN,35.7289,10.6769,14507,181.4,-56.5,2.0,27.7,110,A"
2500.0,35.728659,10.678812,14565.0,180.2,-56.5,2.0,27.8,174,A,"TUN,35.7287,10.6788,14565,180.2,-56.5,2.0,27.8,174,A"
2510.0,35.728167,10.680955,14623.0,178.9,-56.5,2.0,28.0,237,A,"TUN,35.7282,10.6810,14623,178.9,-56.5,2.0,28.0,237,A"
2520.0,35.727917,10.682919,14681.0,177.7,-56.5,2.0,28.0,301,A,"TUN,35.7279,10.6829,14681,177.7,-56.5,2.0,28.0,301,A"
2530.0,35.727622,10.684618,14739.0,176.5,-56.5,2.0,28.0,361,A,"TUN,35.7276,10.6846,14739,176.5,-56.5,2.0,28.0,361,A"
2540.0,35.727138,10.6868,14797.0,175.3,-56.5,2.0,28.0,424,A,"TUN,35.7271,10.6868,14797,175.3,-56.5,2.0,28.0,424,A"
2550.0,35.726713,10.688667,14855.0,174.1,-56.5,2.0,27.9,483,A,"TUN,35.7267,10.6887,14855,174.1,-56.5,2.0,27.9,483,A"
2560.0,35.726364,10.690433,14913.0,172.9,-56.5,2.0,27.6,540,A,"TUN,35.7264,10.6904,14913,172.9,-56.5,2.0,27.6,540,A"
2570.0,35.725963,10.69233,14971.0,171.7,-56.5,2.0,27.8,603,A,"TUN,35.7260,10.6923,14971,171.7,-56.5,2.0,27.8,603,A"
2580.0,35.72551,10.694254,15029.0,170.5,-56.5,2.0,28.3,669,A,"TUN,35.7255,10.6943,15029,170.5,-56.5,2.0,28.3,669,A"
2590.0,35.725141,10.696169,15087.0,169.4,-56.5,2.0,27.6,724,A,"TUN,35.7251,10.6962,15087,169.4,-56.5,2.0,27.6,724,A"
2600.0,35.724578,10.69801,15145.0,168.2,-56.5,2.0,27.9,786,A,"TUN,35.7246,10.6980,15145,168.2,-56.5,2.0,27.9,786,A"
2610.0,35.724247,10.699732,15203.0,167.1,-56.5,2.0,27.8,846,A,"TUN,35.7242,10.6997,15203,167.1,-56.5,2.0,27.8,846,A"
2620.0,35.723815,10.701619,15261.0,165.9,-56.5,2.0,28.0,909,A,"TUN,35.7238,10.7016,15261,165.9,-56.5,2.0,28.0,909,A"
2630.0,35.7234,10.703492,15319.0,164.8,-56.5,2.0,27.9,969,A,"TUN,35.7234,10.7035,15319,164.8,-56.5,2.0,27.9,969,A"
2640.0,35.722936,10.705328,15377.0,163.6,-56.5,2.0,28.4,1034,A,"TUN,35.7229,10.7053,15377,163.6,-56.5,2.0,28.4,1034,A"
2650.0,35.722394,10.706992,15435.0,162.5,-56.5,2.0,28.2,1089,A,"TUN,35.7224,10.7070,15435,162.5,-56.5,2.0,28.2,1089,A"
2660.0,35.722042,10.708652,15493.0,161.4,-56.5,2.0,27.6,1144,A,"TUN,35.7220,10.7087,15493,161.4,-56.5,2.0,27.6,1144,A"
2670.0,35.721594,10.710246,15551.0,160.3,-56.5,2.0,28.2,1208,A,"TUN,35.7216,10.7102,15551,160.3,-56.5,2.0,28.2,1208,A"
2680.0,35.721159,10.71172,15609.0,159.2,-56.5,2.0,27.8,1262,A,"TUN,35.7212,10.7117,15609,159.2,-56.5,2.0,27.8,1262,A"
2690.0,35.720667,10.713238,15667.0,158.1,-56.5,2.0,27.8,1319,A,"TUN,35.7207,10.7132,15667,158.1,-56.5,2.0,27.8,1319,A"
2700.0,35.720335,10.714639,15725.0,157.0,-56.5,2.0,28.1,1380,A,"TUN,35.7203,10.7146,15725,157.0,-56.5,2.0,28.1,1380,A"
2710.0,35.719991,10.716075,15783.0,156.0,-56.5,2.0,27.9,1436,A,"TUN,35.7200,10.7161,15783,156.0,-56.5,2.0,27.9,1436,A"
2720.0,35.719567,10.717621,15841.0,154.9,-56.5,2.0,28.3,1499,A,"TUN,35.7196,10.7176,15841,154.9,-56.5,2.0,28.3,1499,A"
2730.0,35.719151,10.719106,15899.0,153.8,-56.5,2.0,27.8,1552,A,"TUN,35.7192,10.7191,15899,153.8,-56.5,2.0,27.8,1552,A"
2740.0,35.718781,10.720622,15957.0,152.8,-56.5,2.0,27.8,1611,A,"TUN,35.7188,10.7206,15957,152.8,-56.5,2.0,27.8,1611,A"
2750.0,35.71829,10.722106,16015.0,151.7,-56.5,2.0,27.8,1668,A,"TUN,35.7183,10.7221,16015,151.7,-56.5,2.0,27.8,1668,A"
2760.0,35.717801,10.723554,16073.0,150.7,-56.5,2.0,27.8,1726,A,"TUN,35.7178,10.7236,16073,150.7,-56.5,2.0,27.8,1726,A"
2770.0,35.717214,10.724927,16131.0,149.7,-56.5,2.0,28.3,1787,A,"TUN,35.7172,10.7249,16131,149.7,-56.5,2.0,28.3,1787,A"
2780.0,35.716765,10.726335,16189.0,148.6,-56.5,2.0,28.2,1842,A,"TUN,35.7168,10.7263,16189,148.6,-56.5,2.0,28.2,1842,A"
2790.0,35.716362,10.727701,16247.0,147.6,-56.5,2.0,28.5,1903,A,"TUN,35.7164,10.7277,16247,147.6,-56.5,2.0,28.5,1903,A"
2800.0,35.71595,10.729013,16305.0,146.6,-56.5,2.0,28.7,1962,A,"TUN,35.7159,10.7290,16305,146.6,-56.5,2.0,28.7,1962,A"
2810.0,35.71543,10.730353,16363.0,145.6,-56.5,2.0,27.7,2008,A,"TUN,35.7154,10.7304,16363,145.6,-56.5,2.0,27.7,2008,A"
2820.0,35.71496,10.73172,16421.0,144.6,-56.5,2.0,28.0,2068,A,"TUN,35.7150,10.7317,16421,144.6,-56.5,2.0,28.0,2068,A"
2830.0,35.71437,10.733074,16479.0,143.6,-56.5,2.0,27.6,2119,A,"TUN,35.7144,10.7331,16479,143.6,-56.5,2.0,27.6,2119,A"
2840.0,35.713877,10.734391,16537.0,142.6,-56.5,2.0,27.8,2177,A,"TUN,35.7139,10.7344,16537,142.6,-56.5,2.0,27.8,2177,A"
2850.0,35.713308,10.735708,16595.0,141.6,-56.5,2.0,27.8,2234,A,"TUN,35.7133,10.7357,16595,141.6,-56.5,2.0,27.8,2234,A"
2860.0,35.712799,10.736889,16653.0,140.7,-56.5,2.0,27.7,2287,A,"TUN,35.7128,10.7369,16653,140.7,-56.5,2.0,27.7,2287,A"
2870.0,35.712279,10.738192,16711.0,139.7,-56.5,2.0,27.7,2343,A,"TUN,35.7123,10.7382,16711,139.7,-56.5,2.0,27.7,2343,A"
2880.0,35.711782,10.739491,16769.0,138.7,-56.5,2.0,28.0,2402,A,"TUN,35.7118,10.7395,16769,138.7,-56.5,2.0,28.0,2402,A"
2890.0,35.711096,10.74074,16827.0,137.8,-56.5,2.0,27.6,2453,A,"TUN,35.7111,10.7407,16827,137.8,-56.5,2.0,27.6,2453,A"
2900.0,35.710497,10.741913,16885.0,136.9,-56.5,2.0,28.3,2515,A,"TUN,35.7105,10.7419,16885,136.9,-56.5,2.0,28.3,2515,A"
2910.0,35.710025,10.742992,16943.0,135.9,-56.5,2.0,27.7,2563,A,"TUN,35.7100,10.7430,16943,135.9,-56.5,2.0,27.7,2563,A"
2920.0,35.709483,10.744182,17001.0,135.0,-56.5,2.0,28.8,2629,A,"TUN,35.7095,10.7442,17001,135.0,-56.5,2.0,28.8,2629,A"
2930.0,35.708752,10.745285,17059.0,134.1,-56.5,2.0,27.9,2673,A,"TUN,35.7088,10.7453,17059,134.1,-56.5,2.0,27.9,2673,A"
2940.0,35.708207,10.746381,17117.0,133.1,-56.5,2.0,28.0,2728,A,"TUN,35.7082,10.7464,17117,133.1,-56.5,2.0,28.0,2728,A"
2950.0,35.707499,10.747438,17175.0,132.2,-56.5,2.0,27.6,2776,A,"TUN,35.7075,10.7474,17175,132.2,-56.5,2.0,27.6,2776,A"
2960.0,35.706893,10.748458,17233.0,131.3,-56.5,2.0,28.5,2838,A,"TUN,35.7069,10.7485,17233,131.3,-56.5,2.0,28.5,2838,A"
2970.0,35.70628,10.749706,17291.0,130.4,-56.5,2.0,28.3,2892,A,"TUN,35.7063,10.7497,17291,130.4,-56.5,2.0,28.3,2892,A"
2980.0,35.705694,10.750715,17349.0,129.5,-56.5,2.0,28.1,2943,A,"TUN,35.7057,10.7507,17349,129.5,-56.5,2.0,28.1,2943,A"
2990.0,35.705024,10.751697,17407.0,128.6,-56.5,2.0,27.6,2990,A,"TUN,35.7050,10.7517,17407,128.6,-56.5,2.0,27.6,2990,A"
3000.0,35.704439,10.752807,17465.0,127.8,-56.5,2.0,28.1,3051,A,"TUN,35.7044,10.7528,17465,127.8,-56.5,2.0,28.1,3051,A"
3010.0,35.703784,10.753865,17523.0,126.9,-56.5,2.0,27.7,3099,A,"TUN,35.7038,10.7539,17523,126.9,-56.5,2.0,27.7,3099,A"
3020.0,35.703101,10.754947,17581.0,126.0,-56.5,2.0,28.4,3160,A,"TUN,35.7031,10.7549,17581,126.0,-56.5,2.0,28.4,3160,A"
3030.0,35.702427,10.755865,17639.0,125.1,-56.5,2.0,28.2,3209,A,"TUN,35.7024,10.7559,17639,125.1,-56.5,2.0,28.2,3209,A"
3040.0,35.701704,10.756835,17697.0,124.3,-56.5,2.0,28.0,3260,A,"TUN,35.7017,10.7568,17697,124.3,-56.5,2.0,28.0,3260,A"
3050.0,35.701059,10.75767,17755.0,123.4,-56.5,2.0,27.3,3303,A,"TUN,35.7011,10.7577,17755,123.4,-56.5,2.0,27.3,3303,A"
3060.0,35.700398,10.758531,17813.0,122.6,-56.5,2.0,27.7,3359,A,"TUN,35.7004,10.7585,17813,122.6,-56.5,2.0,27.7,3359,A"
3070.0,35.69974,10.75935,17871.0,121.8,-56.5,2.0,28.2,3416,A,"TUN,35.6997,10.7593,17871,121.8,-56.5,2.0,28.2,3416,A"
3080.0,35.699121,10.76025,17929.0,120.9,-56.5,2.0,28.4,3470,A,"TUN,35.6991,10.7602,17929,120.9,-56.5,2.0,28.4,3470,A"
3090.0,35.698388,10.761135,17987.0,120.1,-56.5,2.0,28.3,3520,A,"TUN,35.6984,10.7611,17987,120.1,-56.5,2.0,28.3,3520,A"
3100.0,35.697659,10.761891,18045.0,119.3,-56.5,2.0,27.5,3562,A,"TUN,35.6977,10.7619,18045,119.3,-56.5,2.0,27.5,3562,A"
3110.0,35.696968,10.762701,18103.0,118.4,-56.5,2.0,28.1,3619,A,"TUN,35.6970,10.7627,18103,118.4,-56.5,2.0,28.1,3619,A"
3120.0,35.696273,10.763552,18161.0,117.6,-56.5,2.0,28.3,3672,A,"TUN,35.6963,10.7636,18161,117.6,-56.5,2.0,28.3,3672,A"
3130.0,35.695565,10.764391,18219.0,116.8,-56.5,2.0,27.5,3715,A,"TUN,35.6956,10.7644,18219,116.8,-56.5,2.0,27.5,3715,A"
3140.0,35.694825,10.765089,18277.0,116.0,-56.5,2.0,28.0,3770,A,"TUN,35.6948,10.7651,18277,116.0,-56.5,2.0,28.0,3770,A"
3150.0,35.694226,10.765908,18335.0,115.2,-56.5,2.0,28.1,3824,A,"TUN,35.6942,10.7659,18335,115.2,-56.5,2.0,28.1,3824,A"
3160.0,35.693373,10.766576,18393.0,114.4,-56.5,2.0,27.9,3869,A,"TUN,35.6934,10.7666,18393,114.4,-56.5,2.0,27.9,3869,A"
3170.0,35.692731,10.767371,18451.0,113.7,-56.5,2.0,27.4,3917,A,"TUN,35.6927,10.7674,18451,113.7,-56.5,2.0,27.4,3917,A"
3180.0,35.692032,10.76808,18509.0,112.9,-56.5,2.0,27.9,3972,A,"TUN,35.6920,10.7681,18509,112.9,-56.5,2.0,27.9,3972,A"
3190.0,35.691352,10.768814,18567.0,112.1,-56.5,2.0,27.9,4023,A,"TUN,35.6914,10.7688,18567,112.1,-56.5,2.0,27.9,4023,A"
3200.0,35.690595,10.769482,18625.0,111.3,-56.5,2.0,28.0,4072,A,"TUN,35.6906,10.7695,18625,111.3,-56.5,2.0,28.0,4072,A"
3210.0,35.68991,10.770059,18683.0,110.6,-56.5,2.0,27.8,4121,A,"TUN,35.6899,10.7701,18683,110.6,-56.5,2.0,27.8,4121,A"
3220.0,35.689109,10.770755,18741.0,109.8,-56.5,2.0,27.9,4171,A,"TUN,35.6891,10.7708,18741,109.8,-56.5,2.0,27.9,4171,A"
3230.0,35.688403,10.771374,18799.0,109.1,-56.5,2.0,28.0,4222,A,"TUN,35.6884,10.7714,18799,109.1,-56.5,2.0,28.0,4222,A"
3240.0,35.687708,10.772079,18857.0,108.3,-56.5,2.0,28.1,4273,A,"TUN,35.6877,10.7721,18857,108.3,-56.5,2.0,28.1,4273,A"
3250.0,35.686991,10.772691,18915.0,107.6,-56.5,2.0,27.9,4320,A,"TUN,35.6870,10.7727,18915,107.6,-56.5,2.0,27.9,4320,A"
3260.0,35.686208,10.773326,18973.0,106.8,-56.5,2.0,27.9,4370,A,"TUN,35.6862,10.7733,18973,106.8,-56.5,2.0,27.9,4370,A"
3270.0,35.685457,10.773983,19031.0,106.1,-56.5,2.0,28.0,4420,A,"TUN,35.6855,10.7740,19031,106.1,-56.5,2.0,28.0,4420,A"
3280.0,35.684709,10.774524,19089.0,105.4,-56.5,2.0,27.4,4464,A,"TUN,35.6847,10.7745,19089,105.4,-56.5,2.0,27.4,4464,A"
3290.0,35.684019,10.775017,19147.0,104.7,-56.5,2.0,28.1,4520,A,"TUN,35.6840,10.7750,19147,104.7,-56.5,2.0,28.1,4520,A"
3300.0,35.683267,10.775572,19205.0,103.9,-56.5,2.0,28.0,4566,A,"TUN,35.6833,10.7756,19205,103.9,-56.5,2.0,28.0,4566,A"
3310.0,35.682613,10.776023,19263.0,103.2,-56.5,2.0,28.0,4616,A,"TUN,35.6826,10.7760,19263,103.2,-56.5,2.0,28.0,4616,A"
3320.0,35.681939,10.776493,19321.0,102.5,-56.5,2.0,28.3,4667,A,"TUN,35.6819,10.7765,19321,102.5,-56.5,2.0,28.3,4667,A"
3330.0,35.681267,10.777027,19379.0,101.8,-56.5,2.0,27.4,4708,A,"TUN,35.6813,10.7770,19379,101.8,-56.5,2.0,27.4,4708,A"
3340.0,35.680608,10.777416,19437.0,101.1,-56.5,2.0,27.4,4757,A,"TUN,35.6806,10.7774,19437,101.1,-56.5,2.0,27.4,4757,A"
3350.0,35.679972,10.777944,19495.0,100.4,-56.5,2.0,28.1,4813,A,"TUN,35.6800,10.7779,19495,100.4,-56.5,2.0,28.1,4813,A"
3360.0,35.679236,10.778362,19553.0,99.7,-56.5,2.0,28.0,4860,A,"TUN,35.6792,10.7784,19553,99.7,-56.5,2.0,28.0,4860,A"
3370.0,35.678584,10.778804,19611.0,99.1,-56.5,2.0,28.1,4911,A,"TUN,35.6786,10.7788,19611,99.1,-56.5,2.0,28.1,4911,A"
3380.0,35.677852,10.779188,19669.0,98.4,-56.5,2.0,27.9,4956,A,"TUN,35.6779,10.7792,19669,98.4,-56.5,2.0,27.9,4956,A"
3390.0,35.677068,10.779581,19727.0,97.7,-56.5,2.0,28.2,5006,A,"TUN,35.6771,10.7796,19727,97.7,-56.5,2.0,28.2,5006,A"
3400.0,35.676366,10.779951,19785.0,97.0,-56.5,2.0,28.3,5055,A,"TUN,35.6764,10.7800,19785,97.0,-56.5,2.0,28.3,5055,A"
3410.0,35.675642,10.780277,19843.0,96.4,-56.5,2.0,28.1,5101,A,"TUN,35.6756,10.7803,19843,96.4,-56.5,2.0,28.1,5101,A"
3420.0,35.674924,10.780648,19901.0,95.7,-56.5,2.0,27.9,5147,A,"TUN,35.6749,10.7806,19901,95.7,-56.5,2.0,27.9,5147,A"
3430.0,35.674267,10.780975,19959.0,95.1,-56.5,2.0,27.4,5190,A,"TUN,35.6743,10.7810,19959,95.1,-56.5,2.0,27.4,5190,A"
3440.0,35.673544,10.781218,20017.0,94.4,-56.5,2.0,28.2,5245,A,"TUN,35.6735,10.7812,20017,94.4,-56.5,2.0,28.2,5245,A"
3450.0,35.67288,10.781521,20075.0,93.8,-56.4,2.0,28.4,5296,A,"TUN,35.6729,10.7815,20075,93.8,-56.4,2.0,28.4,5296,A"
3460.0,35.672181,10.78182,20133.0,93.1,-56.4,2.0,28.2,5341,A,"TUN,35.6722,10.7818,20133,93.1,-56.4,2.0,28.2,5341,A"
3470.0,35.671481,10.782212,20191.0,92.5,-56.3,2.0,27.7,5386,A,"TUN,35.6715,10.7822,20191,92.5,-56.3,2.0,27.7,5386,A"
3480.0,35.670815,10.7825,20249.0,91.8,-56.3,2.0,28.2,5439,A,"TUN,35.6708,10.7825,20249,91.8,-56.3,2.0,28.2,5439,A"
3490.0,35.670196,10.782766,20307.0,91.2,-56.2,2.0,28.3,5488,A,"TUN,35.6702,10.7828,20307,91.2,-56.2,2.0,28.3,5488,A"
3500.0,35.669512,10.78301,20365.0,90.6,-56.1,2.0,28.5,5540,A,"TUN,35.6695,10.7830,20365,90.6,-56.1,2.0,28.5,5540,A"
3510.0,35.66875,10.783273,20423.0,90.0,-56.1,2.0,27.7,5578,A,"TUN,35.6688,10.7833,20423,90.0,-56.1,2.0,27.7,5578,A"
3520.0,35.668057,10.783492,20481.0,89.3,-56.0,2.0,27.9,5627,A,"TUN,35.6681,10.7835,20481,89.3,-56.0,2.0,27.9,5627,A"
3530.0,35.667292,10.783771,20539.0,88.7,-56.0,2.0,28.2,5677,A,"TUN,35.6673,10.7838,20539,88.7,-56.0,2.0,28.2,5677,A"
3540.0,35.666578,10.783944,20597.0,88.1,-55.9,2.0,28.0,5723,A,"TUN,35.6666,10.7839,20597,88.1,-55.9,2.0,28.0,5723,A"
3550.0,35.665832,10.784109,20655.0,87.5,-55.8,2.0,27.7,5768,A,"TUN,35.6658,10.7841,20655,87.5,-55.8,2.0,27.7,5768,A"
3560.0,35.665072,10.784263,20713.0,86.9,-55.8,2.0,28.1,5817,A,"TUN,35.6651,10.7843,20713,86.9,-55.8,2.0,28.1,5817,A"
3570.0,35.66435,10.784432,20771.0,86.3,-55.7,2.0,28.2,5866,A,"TUN,35.6643,10.7844,20771,86.3,-55.7,2.0,28.2,5866,A"
3580.0,35.663601,10.784657,20829.0,85.7,-55.7,2.0,28.0,5911,A,"TUN,35.6636,10.7847,20829,85.7,-55.7,2.0,28.0,5911,A"
3590.0,35.662885,10.78477,20887.0,85.1,-55.6,2.0,28.1,5958,A,"TUN,35.6629,10.7848,20887,85.1,-55.6,2.0,28.1,5958,A"
3600.0,35.662127,10.784964,20945.0,84.6,-55.6,2.0,27.9,6004,A,"TUN,35.6621,10.7850,20945,84.6,-55.6,2.0,27.9,6004,A"
3610.0,35.661342,10.785041,21003.0,84.0,-55.5,2.0,28.4,6055,A,"TUN,35.6613,10.7850,21003,84.0,-55.5,2.0,28.4,6055,A"
3620.0,35.660652,10.785218,21061.0,83.4,-55.4,2.0,27.7,6096,A,"TUN,35.6607,10.7852,21061,83.4,-55.4,2.0,27.7,6096,A"
3630.0,35.659889,10.785254,21119.0,82.8,-55.4,2.0,27.8,6141,A,"TUN,35.6599,10.7853,21119,82.8,-55.4,2.0,27.8,6141,A"
3640.0,35.659075,10.785316,21177.0,82.3,-55.3,2.0,28.0,6190,A,"TUN,35.6591,10.7853,21177,82.3,-55.3,2.0,28.0,6190,A"
3650.0,35.658322,10.785456,21235.0,81.7,-55.3,2.0,28.3,6239,A,"TUN,35.6583,10.7855,21235,81.7,-55.3,2.0,28.3,6239,A"
3660.0,35.657493,10.785532,21293.0,81.1,-55.2,2.0,27.6,6277,A,"TUN,35.6575,10.7855,21293,81.1,-55.2,2.0,27.6,6277,A"
3670.0,35.656657,10.785611,21351.0,80.6,-55.1,2.0,27.6,6324,A,"TUN,35.6567,10.7856,21351,80.6,-55.1,2.0,27.6,6324,A"
3680.0,35.655825,10.785657,21409.0,80.0,-55.1,2.0,27.4,6366,A,"TUN,35.6558,10.7857,21409,80.0,-55.1,2.0,27.4,6366,A"
3690.0,35.654968,10.785657,21467.0,79.5,-55.0,2.0,28.0,6417,A,"TUN,35.6550,10.7857,21467,79.5,-55.0,2.0,28.0,6417,A"
3700.0,35.654215,10.785795,21525.0,78.9,-55.0,2.0,27.7,6460,A,"TUN,35.6542,10.7858,21525,78.9,-55.0,2.0,27.7,6460,A"
3710.0,35.65334,10.785747,21583.0,78.4,-54.9,2.0,27.9,6507,A,"TUN,35.6533,10.7857,21583,78.4,-54.9,2.0,27.9,6507,A"
3720.0,35.65255,10.785847,21641.0,77.9,-54.9,2.0,28.2,6556,A,"TUN,35.6525,10.7858,21641,77.9,-54.9,2.0,28.2,6556,A"
3730.0,35.651705,10.785789,21699.0,77.3,-54.8,2.0,27.8,6596,A,"TUN,35.6517,10.7858,21699,77.3,-54.8,2.0,27.8,6596,A"
3740.0,35.650784,10.785737,21757.0,76.8,-54.7,2.0,28.1,6643,A,"TUN,35.6508,10.7857,21757,76.8,-54.7,2.0,28.1,6643,A"
3750.0,35.64995,10.785753,21815.0,76.3,-54.7,2.0,27.9,6686,A,"TUN,35.6499,10.7858,21815,76.3,-54.7,2.0,27.9,6686,A"
3760.0,35.649096,10.785724,21873.0,75.8,-54.6,2.0,28.2,6734,A,"TUN,35.6491,10.7857,21873,75.8,-54.6,2.0,28.2,6734,A"
3770.0,35.648292,10.785562,21931.0,75.2,-54.6,2.0,28.1,6775,A,"TUN,35.6483,10.7856,21931,75.2,-54.6,2.0,28.1,6775,A"
3780.0,35.64736,10.785415,21989.0,74.7,-54.5,2.0,27.8,6816,A,"TUN,35.6474,10.7854,21989,74.7,-54.5,2.0,27.8,6816,A"
3790.0,35.646539,10.785289,22047.0,74.2,-54.5,2.0,27.9,6860,A,"TUN,35.6465,10.7853,22047,74.2,-54.5,2.0,27.9,6860,A"
3800.0,35.645646,10.785162,22105.0,73.7,-54.4,2.0,28.3,6908,A,"TUN,35.6456,10.7852,22105,73.7,-54.4,2.0,28.3,6908,A"
3810.0,35.644725,10.785006,22163.0,73.2,-54.3,2.0,28.1,6950,A,"TUN,35.6447,10.7850,22163,73.2,-54.3,2.0,28.1,6950,A"
3820.0,35.643824,10.784839,22221.0,72.7,-54.3,2.0,27.6,6987,A,"TUN,35.6438,10.7848,22221,72.7,-54.3,2.0,27.6,6987,A"
3830.0,35.642926,10.7848,22279.0,72.2,-54.2,2.0,28.2,7038,A,"TUN,35.6429,10.7848,22279,72.2,-54.2,2.0,28.2,7038,A"
3840.0,35.64204,10.784678,22337.0,71.7,-54.2,2.0,27.7,7075,A,"TUN,35.6420,10.7847,22337,71.7,-54.2,2.0,27.7,7075,A"
3850.0,35.641229,10.784434,22395.0,71.2,-54.1,2.0,28.4,7126,A,"TUN,35.6412,10.7844,22395,71.2,-54.1,2.0,28.4,7126,A"
3860.0,35.640283,10.784154,22453.0,70.7,-54.0,2.0,28.3,7166,A,"TUN,35.6403,10.7842,22453,70.7,-54.0,2.0,28.3,7166,A"
3870.0,35.639399,10.783879,22511.0,70.2,-54.0,2.0,28.1,7205,A,"TUN,35.6394,10.7839,22511,70.2,-54.0,2.0,28.1,7205,A"
3880.0,35.638512,10.783658,22569.0,69.8,-53.9,2.0,28.0,7249,A,"TUN,35.6385,10.7837,22569,69.8,-53.9,2.0,28.0,7249,A"
3890.0,35.637675,10.783426,22627.0,69.3,-53.9,2.0,27.9,7290,A,"TUN,35.6377,10.7834,22627,69.3,-53.9,2.0,27.9,7290,A"
3900.0,35.636769,10.783263,22685.0,68.8,-53.8,2.0,28.2,7336,A,"TUN,35.6368,10.7833,22685,68.8,-53.8,2.0,28.2,7336,A"
3910.0,35.635877,10.783016,22743.0,68.3,-53.8,2.0,27.9,7375,A,"TUN,35.6359,10.7830,22743,68.3,-53.8,2.0,27.9,7375,A"
3920.0,35.634913,10.782669,22801.0,67.9,-53.7,2.0,28.1,7419,A,"TUN,35.6349,10.7827,22801,67.9,-53.7,2.0,28.1,7419,A"
3930.0,35.634019,10.782373,22859.0,67.4,-53.6,2.0,28.3,7463,A,"TUN,35.6340,10.7824,22859,67.4,-53.6,2.0,28.3,7463,A"
3940.0,35.633117,10.782089,22917.0,66.9,-53.6,2.0,27.8,7499,A,"TUN,35.6331,10.7821,22917,66.9,-53.6,2.0,27.8,7499,A"
3950.0,35.632265,10.781803,22975.0,66.5,-53.5,2.0,27.8,7543,A,"TUN,35.6323,10.7818,22975,66.5,-53.5,2.0,27.8,7543,A"
3960.0,35.631384,10.78156,23033.0,66.0,-53.5,2.0,27.6,7582,A,"TUN,35.6314,10.7816,23033,66.0,-53.5,2.0,27.6,7582,A"
3970.0,35.630467,10.781187,23091.0,65.6,-53.4,2.0,27.7,7625,A,"TUN,35.6305,10.7812,23091,65.6,-53.4,2.0,27.7,7625,A"
3980.0,35.629645,10.78087,23149.0,65.1,-53.4,2.0,27.5,7665,A,"TUN,35.6296,10.7809,23149,65.1,-53.4,2.0,27.5,7665,A"
3990.0,35.628718,10.780417,23207.0,64.7,-53.3,2.0,28.2,7714,A,"TUN,35.6287,10.7804,23207,64.7,-53.3,2.0,28.2,7714,A"
4000.0,35.627771,10.780009,23265.0,64.2,-53.2,2.0,28.5,7757,A,"TUN,35.6278,10.7800,23265,64.2,-53.2,2.0,28.5,7757,A"
4010.0,35.626892,10.779686,23323.0,63.8,-53.2,2.0,28.4,7797,A,"TUN,35.6269,10.7797,23323,63.8,-53.2,2.0,28.4,7797,A"
4020.0,35.625982,10.77924,23381.0,63.4,-53.1,2.0,27.5,7830,A,"TUN,35.6260,10.7792,23381,63.4,-53.1,2.0,27.5,7830,A"
4030.0,35.625046,10.778714,23439.0,62.9,-53.1,2.0,28.2,7876,A,"TUN,35.6250,10.7787,23439,62.9,-53.1,2.0,28.2,7876,A"
4040.0,35.62413,10.778343,23497.0,62.5,-53.0,2.0,28.4,7920,A,"TUN,35.6241,10.7783,23497,62.5,-53.0,2.0,28.4,7920,A"
4050.0,35.623248,10.777875,23555.0,62.1,-52.9,2.0,27.9,7956,A,"TUN,35.6232,10.7779,23555,62.1,-52.9,2.0,27.9,7956,A"
4060.0,35.622347,10.777436,23613.0,61.6,-52.9,2.0,28.0,7997,A,"TUN,35.6223,10.7774,23613,61.6,-52.9,2.0,28.0,7997,A"
4070.0,35.621427,10.776966,23671.0,61.2,-52.8,2.0,27.4,8032,A,"TUN,35.6214,10.7770,23671,61.2,-52.8,2.0,27.4,8032,A"
4080.0,35.620565,10.776456,23729.0,60.8,-52.8,2.0,28.1,8079,A,"TUN,35.6206,10.7765,23729,60.8,-52.8,2.0,28.1,8079,A"
4090.0,35.619693,10.775929,23787.0,60.4,-52.7,2.0,27.7,8116,A,"TUN,35.6197,10.7759,23787,60.4,-52.7,2.0,27.7,8116,A"
4100.0,35.618761,10.775449,23845.0,60.0,-52.7,2.0,28.1,8160,A,"TUN,35.6188,10.7754,23845,60.0,-52.7,2.0,28.1,8160,A"
4110.0,35.617926,10.774828,23903.0,59.5,-52.6,2.0,27.5,8194,A,"TUN,35.6179,10.7748,23903,59.5,-52.6,2.0,27.5,8194,A"
4120.0,35.617044,10.774407,23961.0,59.1,-52.5,2.0,28.2,8243,A,"TUN,35.6170,10.7744,23961,59.1,-52.5,2.0,28.2,8243,A"
4130.0,35.616238,10.773873,24019.0,58.7,-52.5,2.0,28.3,8284,A,"TUN,35.6162,10.7739,24019,58.7,-52.5,2.0,28.3,8284,A"
4140.0,35.615348,10.773277,24077.0,58.3,-52.4,2.0,27.8,8319,A,"TUN,35.6153,10.7733,24077,58.3,-52.4,2.0,27.8,8319,A"
4150.0,35.614345,10.772788,24135.0,57.9,-52.4,2.0,27.7,8357,A,"TUN,35.6143,10.7728,24135,57.9,-52.4,2.0,27.7,8357,A"
4160.0,35.613492,10.772053,24193.0,57.5,-52.3,2.0,27.4,8393,A,"TUN,35.6135,10.7721,24193,57.5,-52.3,2.0,27.4,8393,A"
4170.0,35.612653,10.771461,24251.0,57.1,-52.2,2.0,27.9,8439,A,"TUN,35.6127,10.7715,24251,57.1,-52.2,2.0,27.9,8439,A"
4180.0,35.611786,10.770869,24309.0,56.8,-52.2,2.0,27.8,8478,A,"TUN,35.6118,10.7709,24309,56.8,-52.2,2.0,27.8,8478,A"
4190.0,35.610971,10.770122,24367.0,56.4,-52.1,2.0,27.5,8515,A,"TUN,35.6110,10.7701,24367,56.4,-52.1,2.0,27.5,8515,A"
4200.0,35.610011,10.769382,24425.0,56.0,-52.1,2.0,28.1,8558,A,"TUN,35.6100,10.7694,24425,56.0,-52.1,2.0,28.1,8558,A"
4210.0,35.609064,10.768599,24483.0,55.6,-52.0,2.0,27.9,8593,A,"TUN,35.6091,10.7686,24483,55.6,-52.0,2.0,27.9,8593,A"
4220.0,35.608123,10.767812,24541.0,55.2,-52.0,2.0,27.7,8629,A,"TUN,35.6081,10.7678,24541,55.2,-52.0,2.0,27.7,8629,A"
4230.0,35.607271,10.767042,24599.0,54.8,-51.9,2.0,27.8,8668,A,"TUN,35.6073,10.7670,24599,54.8,-51.9,2.0,27.8,8668,A"
4240.0,35.606313,10.766108,24657.0,54.5,-51.8,2.0,28.3,8711,A,"TUN,35.6063,10.7661,24657,54.5,-51.8,2.0,28.3,8711,A"
4250.0,35.605525,10.765309,24715.0,54.1,-51.8,2.0,28.2,8748,A,"TUN,35.6055,10.7653,24715,54.1,-51.8,2.0,28.2,8748,A"
4260.0,35.604679,10.764558,24773.0,53.7,-51.7,2.0,28.0,8784,A,"TUN,35.6047,10.7646,24773,53.7,-51.7,2.0,28.0,8784,A"
4270.0,35.6038,10.763712,24831.0,53.3,-51.7,2.0,28.2,8824,A,"TUN,35.6038,10.7637,24831,53.3,-51.7,2.0,28.2,8824,A"
4280.0,35.602953,10.762877,24889.0,53.0,-51.6,2.0,27.7,8857,A,"TUN,35.6030,10.7629,24889,53.0,-51.6,2.0,27.7,8857,A"
4290.0,35.602123,10.762001,24947.0,52.6,-51.6,2.0,28.0,8898,A,"TUN,35.6021,10.7620,24947,52.6,-51.6,2.0,28.0,8898,A"
4300.0,35.601399,10.761198,25005.0,52.3,-51.5,2.0,28.0,8937,A,"TUN,35.6014,10.7612,25005,52.3,-51.5,2.0,28.0,8937,A"
4310.0,35.600563,10.760453,25063.0,51.9,-51.4,2.0,27.9,8976,A,"TUN,35.6006,10.7605,25063,51.9,-51.4,2.0,27.9,8976,A"
4320.0,35.599737,10.759579,25121.0,51.5,-51.4,2.0,28.1,9015,A,"TUN,35.5997,10.7596,25121,51.5,-51.4,2.0,28.1,9015,A"
4330.0,35.598964,10.758686,25179.0,51.2,-51.3,2.0,27.8,9051,A,"TUN,35.5990,10.7587,25179,51.2,-51.3,2.0,27.8,9051,A"
4340.0,35.598172,10.757876,25237.0,50.8,-51.3,2.0,28.2,9093,A,"TUN,35.5982,10.7579,25237,50.8,-51.3,2.0,28.2,9093,A"
4350.0,35.597358,10.757005,25295.0,50.5,-51.2,2.0,28.2,9133,A,"TUN,35.5974,10.7570,25295,50.5,-51.2,2.0,28.2,9133,A"
4360.0,35.59647,10.75614,25353.0,50.1,-51.1,2.0,27.1,9159,A,"TUN,35.5965,10.7561,25353,50.1,-51.1,2.0,27.1,9159,A"
4370.0,35.595603,10.755185,25411.0,49.8,-51.1,2.0,28.4,9209,A,"TUN,35.5956,10.7552,25411,49.8,-51.1,2.0,28.4,9209,A"
4380.0,35.594775,10.754445,25469.0,49.5,-51.0,2.0,27.1,9236,A,"TUN,35.5948,10.7544,25469,49.5,-51.0,2.0,27.1,9236,A"
4390.0,35.593924,10.753521,25527.0,49.1,-51.0,2.0,27.8,9280,A,"TUN,35.5939,10.7535,25527,49.1,-51.0,2.0,27.8,9280,A"
4400.0,35.593083,10.752581,25585.0,48.8,-50.9,2.0,28.3,9322,A,"TUN,35.5931,10.7526,25585,48.8,-50.9,2.0,28.3,9322,A"
4410.0,35.592268,10.751564,25643.0,48.4,-50.9,2.0,27.9,9354,A,"TUN,35.5923,10.7516,25643,48.4,-50.9,2.0,27.9,9354,A"
4420.0,35.591424,10.750715,25701.0,48.1,-50.8,2.0,27.6,9391,A,"TUN,35.5914,10.7507,25701,48.1,-50.8,2.0,27.6,9391,A"
4430.0,35.590633,10.749779,25759.0,47.8,-50.7,2.0,27.7,9430,A,"TUN,35.5906,10.7498,25759,47.8,-50.7,2.0,27.7,9430,A"
4440.0,35.589711,10.748759,25817.0,47.5,-50.7,2.0,28.3,9472,A,"TUN,35.5897,10.7488,25817,47.5,-50.7,2.0,28.3,9472,A"
4450.0,35.588906,10.747975,25875.0,47.1,-50.6,2.0,27.4,9502,A,"TUN,35.5889,10.7480,25875,47.1,-50.6,2.0,27.4,9502,A"
4460.0,35.588067,10.747043,25933.0,46.8,-50.6,2.0,28.3,9548,A,"TUN,35.5881,10.7470,25933,46.8,-50.6,2.0,28.3,9548,A"
4470.0,35.587232,10.74605,25991.0,46.5,-50.5,2.0,28.0,9583,A,"TUN,35.5872,10.7461,25991,46.5,-50.5,2.0,28.0,9583,A"
4480.0,35.586436,10.744988,26049.0,46.2,-50.5,2.0,27.6,9615,A,"TUN,35.5864,10.7450,26049,46.2,-50.5,2.0,27.6,9615,A"
4490.0,35.585574,10.744038,26107.0,45.9,-50.4,2.0,27.8,9655,A,"TUN,35.5856,10.7440,26107,45.9,-50.4,2.0,27.8,9655,A"
4500.0,35.584629,10.743062,26165.0,45.5,-50.3,2.0,27.7,9690,A,"TUN,35.5846,10.7431,26165,45.5,-50.3,2.0,27.7,9690,A"
4510.0,35.583759,10.741984,26223.0,45.2,-50.3,2.0,28.3,9731,A,"TUN,35.5838,10.7420,26223,45.2,-50.3,2.0,28.3,9731,A"
4520.0,35.582981,10.740848,26281.0,44.9,-50.2,2.0,28.2,9767,A,"TUN,35.5830,10.7408,26281,44.9,-50.2,2.0,28.2,9767,A"
4530.0,35.582243,10.739707,26339.0,44.6,-50.2,2.0,27.5,9797,A,"TUN,35.5822,10.7397,26339,44.6,-50.2,2.0,27.5,9797,A"
4540.0,35.581336,10.738711,26397.0,44.3,-50.1,2.0,27.9,9838,A,"TUN,35.5813,10.7387,26397,44.3,-50.1,2.0,27.9,9838,A"
4550.0,35.580423,10.737678,26455.0,44.0,-50.0,2.0,27.7,9872,A,"TUN,35.5804,10.7377,26455,44.0,-50.0,2.0,27.7,9872,A"
4560.0,35.579611,10.736599,26513.0,43.7,-50.0,2.0,28.4,9915,A,"TUN,35.5796,10.7366,26513,43.7,-50.0,2.0,28.4,9915,A"
4570.0,35.578694,10.735494,26571.0,43.4,-49.9,2.0,27.6,9942,A,"TUN,35.5787,10.7355,26571,43.4,-49.9,2.0,27.6,9942,A"
4580.0,35.577848,10.734254,26629.0,43.1,-49.9,2.0,28.5,9986,A,"TUN,35.5778,10.7343,26629,43.1,-49.9,2.0,28.5,9986,A"
4590.0,35.576949,10.733013,26687.0,42.8,-49.8,2.0,28.0,16,A,"TUN,35.5769,10.7330,26687,42.8,-49.8,2.0,28.0,16,A"
4600.0,35.575932,10.731913,26745.0,42.5,-49.8,2.0,27.7,47,A,"TUN,35.5759,10.7319,26745,42.5,-49.8,2.0,27.7,47,A"
4610.0,35.57504,10.730831,26803.0,42.2,-49.7,2.0,27.8,84,A,"TUN,35.5750,10.7308,26803,42.2,-49.7,2.0,27.8,84,A"
4620.0,35.574141,10.729697,26861.0,41.9,-49.6,2.0,27.8,119,A,"TUN,35.5741,10.7297,26861,41.9,-49.6,2.0,27.8,119,A"
4630.0,35.573379,10.728439,26919.0,41.6,-49.6,2.0,27.6,152,A,"TUN,35.5734,10.7284,26919,41.6,-49.6,2.0,27.6,152,A"
4640.0,35.572541,10.727248,26977.0,41.4,-49.5,2.0,28.0,193,A,"TUN,35.5725,10.7272,26977,41.4,-49.5,2.0,28.0,193,A"
4650.0,35.571688,10.726068,27035.0,41.1,-49.5,2.0,27.6,223,A,"TUN,35.5717,10.7261,27035,41.1,-49.5,2.0,27.6,223,A"
4660.0,35.570844,10.724844,27093.0,40.8,-49.4,2.0,27.3,256,A,"TUN,35.5708,10.7248,27093,40.8,-49.4,2.0,27.3,256,A"
4670.0,35.570019,10.723471,27151.0,40.5,-49.3,2.0,27.9,296,A,"TUN,35.5700,10.7235,27151,40.5,-49.3,2.0,27.9,296,A"
4680.0,35.56917,10.7222,27209.0,40.2,-49.3,2.0,27.5,326,A,"TUN,35.5692,10.7222,27209,40.2,-49.3,2.0,27.5,326,A"
4690.0,35.568349,10.721046,27267.0,40.0,-49.2,2.0,27.8,366,A,"TUN,35.5683,10.7210,27267,40.0,-49.2,2.0,27.8,366,A"
4700.0,35.567489,10.719699,27325.0,39.7,-49.2,2.0,27.7,397,A,"TUN,35.5675,10.7197,27325,39.7,-49.2,2.0,27.7,397,A"
4710.0,35.566661,10.718387,27383.0,39.4,-49.1,2.0,27.7,432,A,"TUN,35.5667,10.7184,27383,39.4,-49.1,2.0,27.7,432,A"
4720.0,35.565841,10.71703,27441.0,39.1,-49.1,2.0,28.6,475,A,"TUN,35.5658,10.7170,27441,39.1,-49.1,2.0,28.6,475,A"
4730.0,35.564941,10.715762,27499.0,38.9,-49.0,2.0,28.0,504,A,"TUN,35.5649,10.7158,27499,38.9,-49.0,2.0,28.0,504,A"
4740.0,35.563909,10.714641,27557.0,38.6,-48.9,2.0,28.1,540,A,"TUN,35.5639,10.7146,27557,38.6,-48.9,2.0,28.1,540,A"
4750.0,35.562838,10.713556,27615.0,38.3,-48.9,2.0,27.5,567,A,"TUN,35.5628,10.7136,27615,38.3,-48.9,2.0,27.5,567,A"
4760.0,35.562069,10.712344,27673.0,38.1,-48.8,2.0,27.8,607,A,"TUN,35.5621,10.7123,27673,38.1,-48.8,2.0,27.8,607,A"
4770.0,35.561118,10.711071,27731.0,37.8,-48.8,2.0,28.1,643,A,"TUN,35.5611,10.7111,27731,37.8,-48.8,2.0,28.1,643,A"
4780.0,35.56036,10.709726,27789.0,37.6,-48.7,2.0,27.7,675,A,"TUN,35.5604,10.7097,27789,37.6,-48.7,2.0,27.7,675,A"
4790.0,35.559645,10.708314,27847.0,37.3,-48.7,2.0,28.3,715,A,"TUN,35.5596,10.7083,27847,37.3,-48.7,2.0,28.3,715,A"
4800.0,35.558804,10.706949,27905.0,37.1,-48.6,2.0,27.6,743,A,"TUN,35.5588,10.7069,27905,37.1,-48.6,2.0,27.6,743,A"
4810.0,35.557878,10.70548,27963.0,36.8,-48.5,2.0,27.9,777,A,"TUN,35.5579,10.7055,27963,36.8,-48.5,2.0,27.9,777,A"
4820.0,35.557052,10.704191,28021.0,36.5,-48.5,2.0,27.8,810,A,"TUN,35.5571,10.7042,28021,36.5,-48.5,2.0,27.8,810,A"
4830.0,35.556113,10.7029,28079.0,36.3,-48.4,2.0,28.0,848,A,"TUN,35.5561,10.7029,28079,36.3,-48.4,2.0,28.0,848,A"
4840.0,35.55522,10.701576,28137.0,36.0,-48.4,2.0,27.8,878,A,"TUN,35.5552,10.7016,28137,36.0,-48.4,2.0,27.8,878,A"
4850.0,35.554321,10.700116,28195.0,35.8,-48.3,2.0,27.9,913,A,"TUN,35.5543,10.7001,28195,35.8,-48.3,2.0,27.9,913,A"
4860.0,35.553466,10.698737,28253.0,35.6,-48.2,2.0,27.9,947,A,"TUN,35.5535,10.6987,28253,35.6,-48.2,2.0,27.9,947,A"
4870.0,35.552635,10.697273,28311.0,35.3,-48.2,2.0,27.8,978,A,"TUN,35.5526,10.6973,28311,35.3,-48.2,2.0,27.8,978,A"
4880.0,35.55176,10.695976,28369.0,35.1,-48.1,2.0,28.1,1016,A,"TUN,35.5518,10.6960,28369,35.1,-48.1,2.0,28.1,1016,A"
4890.0,35.550829,10.694485,28427.0,34.8,-48.1,2.0,28.1,1047,A,"TUN,35.5508,10.6945,28427,34.8,-48.1,2.0,28.1,1047,A"
4900.0,35.550058,10.693119,28485.0,34.6,-48.0,2.0,28.0,1082,A,"TUN,35.5501,10.6931,28485,34.6,-48.0,2.0,28.0,1082,A"
4910.0,35.549089,10.69172,28543.0,34.4,-48.0,2.0,27.9,1113,A,"TUN,35.5491,10.6917,28543,34.4,-48.0,2.0,27.9,1113,A"
4920.0,35.548272,10.690196,28601.0,34.1,-47.9,2.0,28.2,1148,A,"TUN,35.5483,10.6902,28601,34.1,-47.9,2.0,28.2,1148,A"
4930.0,35.547444,10.688657,28659.0,33.9,-47.8,2.0,27.9,1179,A,"TUN,35.5474,10.6887,28659,33.9,-47.8,2.0,27.9,1179,A"
4940.0,35.546671,10.687257,28717.0,33.6,-47.8,2.0,27.9,1212,A,"TUN,35.5467,10.6873,28717,33.6,-47.8,2.0,27.9,1212,A"
4950.0,35.545804,10.685807,28775.0,33.4,-47.7,2.0,28.0,1248,A,"TUN,35.5458,10.6858,28775,33.4,-47.7,2.0,28.0,1248,A"
4960.0,35.545019,10.684153,28833.0,33.2,-47.7,2.0,28.5,1284,A,"TUN,35.5450,10.6842,28833,33.2,-47.7,2.0,28.5,1284,A"
4970.0,35.54419,10.682423,28891.0,33.0,-47.6,2.0,27.6,1306,A,"TUN,35.5442,10.6824,28891,33.0,-47.6,2.0,27.6,1306,A"
4980.0,35.543372,10.680883,28949.0,32.7,-47.6,2.0,28.2,1343,A,"TUN,35.5434,10.6809,28949,32.7,-47.6,2.0,28.2,1343,A"
4990.0,35.542503,10.679276,29007.0,32.5,-47.5,2.0,27.4,1368,A,"TUN,35.5425,10.6793,29007,32.5,-47.5,2.0,27.4,1368,A"
5000.0,35.54171,10.677671,29065.0,32.3,-47.4,2.0,28.1,1408,A,"TUN,35.5417,10.6777,29065,32.3,-47.4,2.0,28.1,1408,A"
5010.0,35.540823,10.676154,29123.0,32.1,-47.4,2.0,28.5,1444,A,"TUN,35.5408,10.6762,29123,32.1,-47.4,2.0,28.5,1444,A"
5020.0,35.540043,10.674582,29181.0,31.8,-47.3,2.0,28.1,1472,A,"TUN,35.5400,10.6746,29181,31.8,-47.3,2.0,28.1,1472,A"
5030.0,35.539228,10.672981,29239.0,31.6,-47.3,2.0,28.1,1504,A,"TUN,35.5392,10.6730,29239,31.6,-47.3,2.0,28.1,1504,A"
5040.0,35.538338,10.671355,29297.0,31.4,-47.2,2.0,27.8,1533,A,"TUN,35.5383,10.6714,29297,31.4,-47.2,2.0,27.8,1533,A"
5050.0,35.537499,10.669669,29355.0,31.2,-47.1,2.0,28.0,1566,A,"TUN,35.5375,10.6697,29355,31.2,-47.1,2.0,28.0,1566,A"
5060.0,35.536814,10.668086,29413.0,31.0,-47.1,2.0,27.9,1599,A,"TUN,35.5368,10.6681,29413,31.0,-47.1,2.0,27.9,1599,A"
5070.0,35.535895,10.666593,29471.0,30.8,-47.0,2.0,27.8,1630,A,"TUN,35.5359,10.6666,29471,30.8,-47.0,2.0,27.8,1630,A"
5080.0,35.535044,10.665096,29529.0,30.6,-47.0,2.0,27.9,1664,A,"TUN,35.5350,10.6651,29529,30.6,-47.0,2.0,27.9,1664,A"
5090.0,35.534197,10.66346,29587.0,30.4,-46.9,2.0,28.1,1698,A,"TUN,35.5342,10.6635,29587,30.4,-46.9,2.0,28.1,1698,A"
5100.0,35.53343,10.661799,29645.0,30.1,-46.9,2.0,27.8,1726,A,"TUN,35.5334,10.6618,29645,30.1,-46.9,2.0,27.8,1726,A"
5110.0,35.532618,10.660086,29703.0,29.9,-46.8,2.0,27.8,1758,A,"TUN,35.5326,10.6601,29703,29.9,-46.8,2.0,27.8,1758,A"
5120.0,35.531827,10.658341,29761.0,29.7,-46.7,2.0,27.6,1788,A,"TUN,35.5318,10.6583,29761,29.7,-46.7,2.0,27.6,1788,A"
5130.0,35.531073,10.656847,29819.0,29.5,-46.7,2.0,28.1,1826,A,"TUN,35.5311,10.6568,29819,29.5,-46.7,2.0,28.1,1826,A"
5140.0,35.530349,10.65533,29877.0,29.3,-46.6,2.0,28.2,1862,A,"TUN,35.5303,10.6553,29877,29.3,-46.6,2.0,28.2,1862,A"
5150.0,35.529614,10.653568,29935.0,29.1,-46.6,2.0,28.1,1892,A,"TUN,35.5296,10.6536,29935,29.1,-46.6,2.0,28.1,1892,A"
5160.0,35.528772,10.651733,29993.0,28.9,-46.5,2.0,28.3,1924,A,"TUN,35.5288,10.6517,29993,28.9,-46.5,2.0,28.3,1924,A"
5170.0,35.528018,10.65003,30000.0,28.9,-46.5,2.0,28.0,1904,F,"TUN,35.5280,10.6500,30000,28.9,-46.5,2.0,28.0,1904,F"
5180.0,35.527213,10.648429,29573.8,30.4,-46.9,2.0,28.1,1465,D,"TUN,35.5272,10.6484,29573,30.4,-46.9,2.0,28.1,1465,D"
5190.0,35.526293,10.646816,29160.4,31.9,-47.3,2.0,28.1,1037,D,"TUN,35.5263,10.6468,29160,31.9,-47.3,2.0,28.1,1037,D"
5200.0,35.525453,10.645223,28759.0,33.5,-47.7,2.0,28.0,623,D,"TUN,35.5255,10.6452,28759,33.5,-47.7,2.0,28.0,623,D"
5210.0,35.524693,10.643817,28369.0,35.1,-48.1,2.0,27.8,221,D,"TUN,35.5247,10.6438,28369,35.1,-48.1,2.0,27.8,221,D"
5220.0,35.523805,10.642407,27989.7,36.7,-48.5,2.0,28.7,9840,D,"TUN,35.5238,10.6424,27989,36.7,-48.5,2.0,28.7,9840,D"
5230.0,35.522927,10.641213,27620.5,38.3,-48.9,2.0,27.9,9454,D,"TUN,35.5229,10.6412,27620,38.3,-48.9,2.0,27.9,9454,D"
5240.0,35.522111,10.639989,27260.9,40.0,-49.2,2.0,27.8,9086,D,"TUN,35.5221,10.6400,27260,40.0,-49.2,2.0,27.8,9086,D"
5250.0,35.521307,10.638855,26910.5,41.7,-49.6,2.0,28.1,8733,D,"TUN,35.5213,10.6389,26910,41.7,-49.6,2.0,28.1,8733,D"
5260.0,35.520489,10.637826,26568.7,43.4,-49.9,2.0,28.1,8386,D,"TUN,35.5205,10.6378,26568,43.4,-49.9,2.0,28.1,8386,D"
5270.0,35.519743,10.636641,26235.1,45.2,-50.3,2.0,27.6,8043,D,"TUN,35.5197,10.6366,26235,45.2,-50.3,2.0,27.6,8043,D"
5280.0,35.51901,10.635639,25909.4,46.9,-50.6,2.0,28.3,7721,D,"TUN,35.5190,10.6356,25909,46.9,-50.6,2.0,28.3,7721,D"
5290.0,35.518176,10.634663,25591.2,48.7,-50.9,2.0,28.0,7396,D,"TUN,35.5182,10.6347,25591,48.7,-50.9,2.0,28.0,7396,D"
5300.0,35.517353,10.633738,25280.2,50.6,-51.2,2.0,27.7,7081,D,"TUN,35.5174,10.6337,25280,50.6,-51.2,2.0,27.7,7081,D"
5310.0,35.516584,10.632824,24975.9,52.4,-51.5,2.0,28.4,6781,D,"TUN,35.5166,10.6328,24975,52.4,-51.5,2.0,28.4,6781,D"
5320.0,35.515789,10.632017,24678.3,54.3,-51.8,2.0,28.2,6482,D,"TUN,35.5158,10.6320,24678,54.3,-51.8,2.0,28.2,6482,D"
5330.0,35.514943,10.631357,24386.9,56.2,-52.1,2.0,27.6,6185,D,"TUN,35.5149,10.6314,24386,56.2,-52.1,2.0,27.6,6185,D"
5340.0,35.514117,10.630757,24101.4,58.2,-52.4,2.0,28.5,5912,D,"TUN,35.5141,10.6308,24101,58.2,-52.4,2.0,28.5,5912,D"
5350.0,35.513155,10.63019,23821.8,60.1,-52.7,2.0,28.2,5629,D,"TUN,35.5132,10.6302,23821,60.1,-52.7,2.0,28.2,5629,D"
5360.0,35.512244,10.629799,23547.7,62.1,-53.0,2.0,28.0,5357,D,"TUN,35.5122,10.6298,23547,62.1,-53.0,2.0,28.0,5357,D"
5370.0,35.51133,10.629508,23278.9,64.1,-53.2,2.0,28.5,5100,D,"TUN,35.5113,10.6295,23278,64.1,-53.2,2.0,28.5,5100,D"
5380.0,35.510475,10.629189,23015.2,66.2,-53.5,2.0,28.0,4837,D,"TUN,35.5105,10.6292,23015,66.2,-53.5,2.0,28.0,4837,D"
5390.0,35.509565,10.628749,22756.4,68.2,-53.7,2.0,28.0,4583,D,"TUN,35.5096,10.6287,22756,68.2,-53.7,2.0,28.0,4583,D"
5400.0,35.508719,10.628483,22502.3,70.3,-54.0,2.0,27.8,4334,D,"TUN,35.5087,10.6285,22502,70.3,-54.0,2.0,27.8,4334,D"
5410.0,35.507832,10.628357,22252.9,72.4,-54.2,2.0,28.2,4097,D,"TUN,35.5078,10.6284,22252,72.4,-54.2,2.0,28.2,4097,D"
5420.0,35.506952,10.628277,22007.8,74.6,-54.5,2.0,28.1,3860,D,"TUN,35.5070,10.6283,22007,74.6,-54.5,2.0,28.1,3860,D"
5430.0,35.506101,10.628277,21767.0,76.7,-54.7,2.0,28.0,3630,D,"TUN,35.5061,10.6283,21767,76.7,-54.7,2.0,28.0,3630,D"
5440.0,35.505334,10.62838,21530.3,78.9,-55.0,2.0,27.8,3403,D,"TUN,35.5053,10.6284,21530,78.9,-55.0,2.0,27.8,3403,D"
5450.0,35.504498,10.628475,21297.6,81.1,-55.2,2.0,28.0,3184,D,"TUN,35.5045,10.6285,21297,81.1,-55.2,2.0,28.0,3184,D"
5460.0,35.503731,10.628593,21068.7,83.3,-55.4,2.0,28.0,2969,D,"TUN,35.5037,10.6286,21068,83.3,-55.4,2.0,28.0,2969,D"
5470.0,35.502931,10.628755,20843.5,85.6,-55.7,2.0,27.6,2754,D,"TUN,35.5029,10.6288,20843,85.6,-55.7,2.0,27.6,2754,D"
5480.0,35.502201,10.628895,20621.9,87.9,-55.9,2.0,27.6,2547,D,"TUN,35.5022,10.6289,20621,87.9,-55.9,2.0,27.6,2547,D"
5490.0,35.501416,10.629129,20403.8,90.2,-56.1,2.0,28.2,2351,D,"TUN,35.5014,10.6291,20403,90.2,-56.1,2.0,28.2,2351,D"
5500.0,35.50067,10.629358,20189.0,92.5,-56.3,2.0,27.2,2142,D,"TUN,35.5007,10.6294,20189,92.5,-56.3,2.0,27.2,2142,D"
5510.0,35.499946,10.629654,19977.6,94.8,-56.5,2.0,28.1,1956,D,"TUN,35.4999,10.6297,19977,94.8,-56.5,2.0,28.1,1956,D"
5520.0,35.499226,10.629999,19769.3,97.2,-56.5,2.0,27.9,1766,D,"TUN,35.4992,10.6300,19769,97.2,-56.5,2.0,27.9,1766,D"
5530.0,35.498551,10.630357,19564.0,99.6,-56.5,2.0,28.4,1587,D,"TUN,35.4986,10.6304,19564,99.6,-56.5,2.0,28.4,1587,D"
5540.0,35.497903,10.630824,19361.8,102.0,-56.5,2.0,27.9,1402,D,"TUN,35.4979,10.6308,19361,102.0,-56.5,2.0,27.9,1402,D"
5550.0,35.497119,10.631334,19162.4,104.5,-56.5,2.0,28.2,1228,D,"TUN,35.4971,10.6313,19162,104.5,-56.5,2.0,28.2,1228,D"
5560.0,35.496352,10.631964,18965.9,106.9,-56.5,2.0,27.9,1050,D,"TUN,35.4964,10.6320,18965,106.9,-56.5,2.0,27.9,1050,D"
5570.0,35.495678,10.632567,18772.1,109.4,-56.5,2.0,28.0,882,D,"TUN,35.4957,10.6326,18772,109.4,-56.5,2.0,28.0,882,D"
5580.0,35.494951,10.633251,18581.0,111.9,-56.5,2.0,28.2,718,D,"TUN,35.4950,10.6333,18581,111.9,-56.5,2.0,28.2,718,D"
5590.0,35.494207,10.634052,18392.5,114.5,-56.5,2.0,27.9,553,D,"TUN,35.4942,10.6341,18392,114.5,-56.5,2.0,27.9,553,D"
5600.0,35.49352,10.634907,18206.5,117.0,-56.5,2.0,28.3,398,D,"TUN,35.4935,10.6349,18206,117.0,-56.5,2.0,28.3,398,D"
5610.0,35.492803,10.635778,18022.9,119.6,-56.5,2.0,27.7,235,D,"TUN,35.4928,10.6358,18022,119.6,-56.5,2.0,27.7,235,D"
5620.0,35.492148,10.636662,17841.8,122.2,-56.5,2.0,28.1,86,D,"TUN,35.4921,10.6367,17841,122.2,-56.5,2.0,28.1,86,D"
5630.0,35.491489,10.637626,17663.0,124.8,-56.5,2.0,28.3,9939,D,"TUN,35.4915,10.6376,17663,124.8,-56.5,2.0,28.3,9939,D"
5640.0,35.490776,10.638737,17486.4,127.4,-56.5,2.0,28.2,9791,D,"TUN,35.4908,10.6387,17486,127.4,-56.5,2.0,28.2,9791,D"
5650.0,35.490239,10.639873,17312.0,130.1,-56.5,2.0,28.6,9654,D,"TUN,35.4902,10.6399,17312,130.1,-56.5,2.0,28.6,9654,D"
5660.0,35.489657,10.640955,17139.9,132.8,-56.5,2.0,27.8,9505,D,"TUN,35.4897,10.6410,17139,132.8,-56.5,2.0,27.8,9505,D"
5670.0,35.489013,10.642034,16969.8,135.5,-56.5,2.0,27.6,9365,D,"TUN,35.4890,10.6420,16969,135.5,-56.5,2.0,27.6,9365,D"
5680.0,35.488376,10.643197,16801.7,138.2,-56.5,2.0,27.7,9229,D,"TUN,35.4884,10.6432,16801,138.2,-56.5,2.0,27.7,9229,D"
5690.0,35.487823,10.644473,16635.7,141.0,-56.5,2.0,28.2,9104,D,"TUN,35.4878,10.6445,16635,141.0,-56.5,2.0,28.2,9104,D"
5700.0,35.487303,10.645788,16471.6,143.7,-56.5,2.0,28.1,8974,D,"TUN,35.4873,10.6458,16471,143.7,-56.5,2.0,28.1,8974,D"
5710.0,35.486918,10.647341,16309.5,146.5,-56.5,2.0,28.0,8851,D,"TUN,35.4869,10.6473,16309,146.5,-56.5,2.0,28.0,8851,D"
5720.0,35.486533,10.648626,16149.2,149.3,-56.5,2.0,27.7,8725,D,"TUN,35.4865,10.6486,16149,149.3,-56.5,2.0,27.7,8725,D"
5730.0,35.486059,10.650064,15990.7,152.2,-56.5,2.0,28.2,8609,D,"TUN,35.4861,10.6501,15990,152.2,-56.5,2.0,28.2,8609,D"
5740.0,35.485644,10.651631,15834.1,155.0,-56.5,2.0,27.6,8487,D,"TUN,35.4856,10.6516,15834,155.0,-56.5,2.0,27.6,8487,D"
5750.0,35.48512,10.653265,15679.1,157.9,-56.5,2.0,28.3,8379,D,"TUN,35.4851,10.6533,15679,157.9,-56.5,2.0,28.3,8379,D"
5760.0,35.484622,10.654899,15525.9,160.8,-56.5,2.0,28.9,8271,D,"TUN,35.4846,10.6549,15525,160.8,-56.5,2.0,28.9,8271,D"
5770.0,35.484236,10.656649,15374.3,163.7,-56.5,2.0,28.1,8155,D,"TUN,35.4842,10.6566,15374,163.7,-56.5,2.0,28.1,8155,D"
5780.0,35.483795,10.658481,15224.4,166.6,-56.5,2.0,28.2,8048,D,"TUN,35.4838,10.6585,15224,166.6,-56.5,2.0,28.2,8048,D"
5790.0,35.48327,10.660272,15076.0,169.6,-56.5,2.0,27.9,7940,D,"TUN,35.4833,10.6603,15076,169.6,-56.5,2.0,27.9,7940,D"
5800.0,35.483017,10.661963,14929.3,172.6,-56.5,2.0,27.5,7834,D,"TUN,35.4830,10.6620,14929,172.6,-56.5,2.0,27.5,7834,D"
5810.0,35.482674,10.663813,14784.0,175.6,-56.5,2.0,27.8,7737,D,"TUN,35.4827,10.6638,14784,175.6,-56.5,2.0,27.8,7737,D"
5820.0,35.482423,10.665835,14640.3,178.6,-56.5,2.0,27.7,7640,D,"TUN,35.4824,10.6658,14640,178.6,-56.5,2.0,27.7,7640,D"
5830.0,35.48214,10.667826,14498.0,181.6,-56.5,2.0,27.6,7544,D,"TUN,35.4821,10.6678,14498,181.6,-56.5,2.0,27.6,7544,D"
5840.0,35.48155,10.670166,14357.2,184.7,-56.5,2.0,28.5,7460,D,"TUN,35.4815,10.6702,14357,184.7,-56.5,2.0,28.5,7460,D"
5850.0,35.481241,10.672322,14217.8,187.8,-56.5,2.0,28.1,7366,D,"TUN,35.4812,10.6723,14217,187.8,-56.5,2.0,28.1,7366,D"
5860.0,35.481098,10.674472,14079.7,190.9,-56.5,2.0,28.1,7278,D,"TUN,35.4811,10.6745,14079,190.9,-56.5,2.0,28.1,7278,D"
5870.0,35.480876,10.676783,13943.0,194.0,-56.5,2.0,27.9,7192,D,"TUN,35.4809,10.6768,13943,194.0,-56.5,2.0,27.9,7192,D"
5880.0,35.480732,10.67916,13807.7,197.1,-56.5,2.0,27.9,7110,D,"TUN,35.4807,10.6792,13807,197.1,-56.5,2.0,27.9,7110,D"
5890.0,35.480439,10.681485,13673.6,200.3,-56.5,2.0,28.3,7032,D,"TUN,35.4804,10.6815,13673,200.3,-56.5,2.0,28.3,7032,D"
5900.0,35.480117,10.683996,13540.8,203.4,-56.5,2.0,28.0,6949,D,"TUN,35.4801,10.6840,13540,203.4,-56.5,2.0,28.0,6949,D"
5910.0,35.479793,10.686342,13409.3,206.6,-56.5,2.0,28.2,6872,D,"TUN,35.4798,10.6863,13409,206.6,-56.5,2.0,28.2,6872,D"
5920.0,35.4795,10.68881,13279.0,209.9,-56.5,2.0,27.9,6795,D,"TUN,35.4795,10.6888,13279,209.9,-56.5,2.0,27.9,6795,D"
5930.0,35.479439,10.691455,13149.9,213.1,-56.5,2.0,27.9,6722,D,"TUN,35.4794,10.6915,13149,213.1,-56.5,2.0,27.9,6722,D"
5940.0,35.479205,10.694094,13022.0,216.4,-56.5,2.0,27.6,6649,D,"TUN,35.4792,10.6941,13022,216.4,-56.5,2.0,27.6,6649,D"
5950.0,35.479043,10.696918,12895.2,219.6,-56.5,2.0,27.4,6579,D,"TUN,35.4790,10.6969,12895,219.6,-56.5,2.0,27.4,6579,D"
5960.0,35.478749,10.699905,12769.6,222.9,-56.5,2.0,27.9,6518,D,"TUN,35.4787,10.6999,12769,222.9,-56.5,2.0,27.9,6518,D"
5970.0,35.478531,10.702698,12645.2,226.2,-56.5,2.0,28.0,6453,D,"TUN,35.4785,10.7027,12645,226.2,-56.5,2.0,28.0,6453,D"
5980.0,35.47815,10.705834,12521.8,229.6,-56.5,2.0,27.6,6387,D,"TUN,35.4781,10.7058,12521,229.6,-56.5,2.0,27.6,6387,D"
5990.0,35.478181,10.708591,12399.5,232.9,-56.5,2.0,28.0,6329,D,"TUN,35.4782,10.7086,12399,232.9,-56.5,2.0,28.0,6329,D"
6000.0,35.478262,10.711796,12278.3,236.3,-56.5,2.0,28.0,6275,D,"TUN,35.4783,10.7118,12278,236.3,-56.5,2.0,28.0,6275,D"
6010.0,35.478289,10.714626,12158.1,239.7,-56.5,2.0,27.4,6212,D,"TUN,35.4783,10.7146,12158,239.7,-56.5,2.0,27.4,6212,D"
6020.0,35.478294,10.717768,12038.9,243.1,-56.5,2.0,27.7,6160,D,"TUN,35.4783,10.7178,12038,243.1,-56.5,2.0,27.7,6160,D"
6030.0,35.478398,10.720777,11920.8,246.5,-56.5,2.0,28.1,6111,D,"TUN,35.4784,10.7208,11920,246.5,-56.5,2.0,28.1,6111,D"
6040.0,35.478553,10.723801,11803.6,250.0,-56.5,2.0,28.1,6062,D,"TUN,35.4786,10.7238,11803,250.0,-56.5,2.0,28.1,6062,D"
6050.0,35.478587,10.727336,11687.4,253.5,-56.5,2.0,27.7,6012,D,"TUN,35.4786,10.7273,11687,253.5,-56.5,2.0,27.7,6012,D"
6060.0,35.478758,10.730674,11572.2,256.9,-56.5,2.0,28.0,5969,D,"TUN,35.4788,10.7307,11572,256.9,-56.5,2.0,28.0,5969,D"
6070.0,35.478979,10.733864,11457.9,260.4,-56.5,2.0,28.3,5926,D,"TUN,35.4790,10.7339,11457,260.4,-56.5,2.0,28.3,5926,D"
6080.0,35.479276,10.736669,11344.6,264.0,-56.5,2.0,28.2,5879,D,"TUN,35.4793,10.7367,11344,264.0,-56.5,2.0,28.2,5879,D"
6090.0,35.479724,10.739611,11232.2,267.5,-56.5,2.0,28.0,5835,D,"TUN,35.4797,10.7396,11232,267.5,-56.5,2.0,28.0,5835,D"
6100.0,35.479742,10.742731,11120.6,271.1,-56.5,2.0,27.9,5789,D,"TUN,35.4797,10.7427,11120,271.1,-56.5,2.0,27.9,5789,D"
6110.0,35.479794,10.74607,11010.0,274.6,-56.5,2.0,27.8,5746,D,"TUN,35.4798,10.7461,11010,274.6,-56.5,2.0,27.8,5746,D"
6120.0,35.479948,10.74951,10900.2,278.2,-55.9,2.0,28.1,5718,D,"TUN,35.4799,10.7495,10900,278.2,-55.9,2.0,28.1,5718,D"
6130.0,35.480154,10.752751,10791.3,281.9,-55.1,2.0,28.1,5688,D,"TUN,35.4802,10.7528,10791,281.9,-55.1,2.0,28.1,5688,D"
6140.0,35.480573,10.75627,10683.2,285.5,-54.4,2.0,28.2,5663,D,"TUN,35.4806,10.7563,10683,285.5,-54.4,2.0,28.2,5663,D"
6150.0,35.480847,10.75981,10576.0,289.2,-53.7,2.0,28.0,5637,D,"TUN,35.4808,10.7598,10576,289.2,-53.7,2.0,28.0,5637,D"
6160.0,35.481374,10.763139,10469.5,292.8,-53.1,2.0,28.2,5612,D,"TUN,35.4814,10.7631,10469,292.8,-53.1,2.0,28.2,5612,D"
6170.0,35.481745,10.766413,10363.9,296.5,-52.4,2.0,28.0,5585,D,"TUN,35.4817,10.7664,10363,296.5,-52.4,2.0,28.0,5585,D"
6180.0,35.482309,10.769945,10259.1,300.2,-51.7,2.0,28.2,5568,D,"TUN,35.4823,10.7699,10259,300.2,-51.7,2.0,28.2,5568,D"
6190.0,35.482689,10.773487,10155.0,304.0,-51.0,2.0,28.3,5548,D,"TUN,35.4827,10.7735,10155,304.0,-51.0,2.0,28.3,5548,D"
6200.0,35.482957,10.777177,10051.8,307.7,-50.3,2.0,27.8,5523,D,"TUN,35.4830,10.7772,10051,307.7,-50.3,2.0,27.8,5523,D"
6210.0,35.483676,10.780927,9949.3,311.5,-49.7,2.0,27.5,5507,D,"TUN,35.4837,10.7809,9949,311.5,-49.7,2.0,27.5,5507,D"
6220.0,35.484365,10.784789,9847.5,315.2,-49.0,2.0,28.5,5504,D,"TUN,35.4844,10.7848,9847,315.2,-49.0,2.0,28.5,5504,D"
6230.0,35.484969,10.788583,9746.5,319.0,-48.4,2.0,28.1,5487,D,"TUN,35.4850,10.7886,9746,319.0,-48.4,2.0,28.1,5487,D"
6240.0,35.485841,10.792044,9646.2,322.9,-47.7,2.0,27.5,5471,D,"TUN,35.4858,10.7920,9646,322.9,-47.7,2.0,27.5,5471,D"
6250.0,35.486717,10.795576,9546.6,326.7,-47.1,2.0,27.8,5462,D,"TUN,35.4867,10.7956,9546,326.7,-47.1,2.0,27.8,5462,D"
6260.0,35.487174,10.799468,9447.7,330.5,-46.4,2.0,28.2,5455,D,"TUN,35.4872,10.7995,9447,330.5,-46.4,2.0,28.2,5455,D"
6270.0,35.487806,10.803009,9349.5,334.4,-45.8,2.0,27.9,5442,D,"TUN,35.4878,10.8030,9349,334.4,-45.8,2.0,27.9,5442,D"
6280.0,35.488609,10.806536,9252.0,338.3,-45.1,2.1,27.8,5434,D,"TUN,35.4886,10.8065,9252,338.3,-45.1,2.1,27.8,5434,D"
6290.0,35.48941,10.810387,9155.2,342.2,-44.5,2.1,28.4,5434,D,"TUN,35.4894,10.8104,9155,342.2,-44.5,2.1,28.4,5434,D"
6300.0,35.490358,10.814407,9059.0,346.1,-43.9,2.2,27.7,5427,D,"TUN,35.4904,10.8144,9059,346.1,-43.9,2.2,27.7,5427,D"
6310.0,35.49119,10.818316,8963.5,350.1,-43.3,2.3,27.8,5426,D,"TUN,35.4912,10.8183,8963,350.1,-43.3,2.3,27.8,5426,D"
6320.0,35.492084,10.822115,8868.7,354.0,-42.6,2.3,28.1,5427,D,"TUN,35.4921,10.8221,8868,354.0,-42.6,2.3,28.1,5427,D"
6330.0,35.492873,10.825736,8774.5,358.0,-42.0,2.4,28.1,5424,D,"TUN,35.4929,10.8257,8774,358.0,-42.0,2.4,28.1,5424,D"
6340.0,35.493499,10.82921,8680.9,362.0,-41.4,2.5,28.1,5418,D,"TUN,35.4935,10.8292,8680,362.0,-41.4,2.5,28.1,5418,D"
6350.0,35.494168,10.832908,8587.9,366.0,-40.8,2.6,28.3,5418,D,"TUN,35.4942,10.8329,8587,366.0,-40.8,2.6,28.3,5418,D"
6360.0,35.49471,10.836754,8495.6,370.0,-40.2,2.7,28.1,5415,D,"TUN,35.4947,10.8368,8495,370.0,-40.2,2.7,28.1,5415,D"
6370.0,35.495348,10.840179,8403.9,374.1,-39.6,2.7,28.1,5410,D,"TUN,35.4953,10.8402,8403,374.1,-39.6,2.7,28.1,5410,D"
6380.0,35.496012,10.843508,8312.7,378.2,-39.0,2.8,27.9,5406,D,"TUN,35.4960,10.8435,8312,378.2,-39.0,2.8,27.9,5406,D"
6390.0,35.496437,10.846856,8222.2,382.2,-38.4,2.9,28.0,5401,D,"TUN,35.4964,10.8469,8222,382.2,-38.4,2.9,28.0,5401,D"
6400.0,35.497139,10.850262,8132.3,386.3,-37.9,3.0,28.0,5399,E,"TUN,35.4971,10.8503,8132,386.3,-37.9,3.0,28.0,5399,E"
6410.0,35.49814,10.853658,8042.9,390.4,-37.3,3.1,28.1,5402,E,"TUN,35.4981,10.8537,8042,390.4,-37.3,3.1,28.1,5402,E"
6420.0,35.498605,10.85663,7954.1,394.6,-36.7,3.2,28.2,5399,E,"TUN,35.4986,10.8566,7954,394.6,-36.7,3.2,28.2,5399,E"
6430.0,35.499186,10.859886,7865.8,398.7,-36.1,3.3,28.2,5395,E,"TUN,35.4992,10.8599,7865,398.7,-36.1,3.3,28.2,5395,E"
6440.0,35.499748,10.862871,7778.1,402.9,-35.6,3.4,28.0,5390,E,"TUN,35.4997,10.8629,7778,402.9,-35.6,3.4,28.0,5390,E"
6450.0,35.500269,10.866377,7691.0,407.1,-35.0,3.5,27.8,5390,D,"TUN,35.5003,10.8664,7691,407.1,-35.0,3.5,27.8,5390,D"
6460.0,35.500904,10.869507,7604.4,411.3,-34.4,3.6,28.0,5393,D,"TUN,35.5009,10.8695,7604,411.3,-34.4,3.6,28.0,5393,D"
6470.0,35.501721,10.872435,7518.3,415.5,-33.9,3.7,28.0,5392,D,"TUN,35.5017,10.8724,7518,415.5,-33.9,3.7,28.0,5392,D"
6480.0,35.502161,10.875544,7432.7,419.7,-33.3,3.8,28.1,5391,D,"TUN,35.5022,10.8755,7432,419.7,-33.3,3.8,28.1,5391,D"
6490.0,35.502728,10.878291,7347.7,424.0,-32.8,3.9,28.7,5394,D,"TUN,35.5027,10.8783,7347,424.0,-32.8,3.9,28.7,5394,D"
6500.0,35.50333,10.881053,7263.2,428.3,-32.2,4.0,27.8,5385,D,"TUN,35.5033,10.8811,7263,428.3,-32.2,4.0,27.8,5385,D"
6510.0,35.504095,10.883905,7179.2,432.5,-31.7,4.1,28.1,5388,D,"TUN,35.5041,10.8839,7179,432.5,-31.7,4.1,28.1,5388,D"
6520.0,35.504506,10.886908,7095.7,436.9,-31.1,4.2,28.3,5392,D,"TUN,35.5045,10.8869,7095,436.9,-31.1,4.2,28.3,5392,D"
6530.0,35.505274,10.889628,7012.7,441.2,-30.6,4.3,28.0,5389,D,"TUN,35.5053,10.8896,7012,441.2,-30.6,4.3,28.0,5389,D"
6540.0,35.505578,10.892335,6930.2,445.5,-30.0,4.5,28.7,5395,D,"TUN,35.5056,10.8923,6930,445.5,-30.0,4.5,28.7,5395,D"
6550.0,35.506007,10.89472,6848.2,449.9,-29.5,4.6,27.9,5384,D,"TUN,35.5060,10.8947,6848,449.9,-29.5,4.6,27.9,5384,D"
6560.0,35.506337,10.897321,6766.6,454.2,-29.0,4.7,28.1,5382,D,"TUN,35.5063,10.8973,6766,454.2,-29.0,4.7,28.1,5382,D"
6570.0,35.506712,10.899946,6685.6,458.6,-28.5,4.8,27.8,5378,D,"TUN,35.5067,10.8999,6685,458.6,-28.5,4.8,27.8,5378,D"
6580.0,35.50693,10.90273,6604.9,463.0,-27.9,5.0,27.9,5380,D,"TUN,35.5069,10.9027,6604,463.0,-27.9,5.0,27.9,5380,D"
6590.0,35.507296,10.905346,6524.8,467.4,-27.4,5.1,28.1,5381,D,"TUN,35.5073,10.9053,6524,467.4,-27.4,5.1,28.1,5381,D"
6600.0,35.507544,10.907775,6445.1,471.9,-26.9,5.3,28.3,5383,D,"TUN,35.5075,10.9078,6445,471.9,-26.9,5.3,28.3,5383,D"
6610.0,35.507979,10.910224,6365.9,476.3,-26.4,5.4,28.1,5380,D,"TUN,35.5080,10.9102,6365,476.3,-26.4,5.4,28.1,5380,D"
6620.0,35.508525,10.912699,6287.1,480.8,-25.9,5.5,28.4,5386,D,"TUN,35.5085,10.9127,6287,480.8,-25.9,5.5,28.4,5386,D"
6630.0,35.508795,10.915237,6208.8,485.3,-25.4,5.7,28.0,5383,D,"TUN,35.5088,10.9152,6208,485.3,-25.4,5.7,28.0,5383,D"
6640.0,35.509327,10.917681,6130.9,489.8,-24.9,5.8,27.9,5385,D,"TUN,35.5093,10.9177,6130,489.8,-24.9,5.8,27.9,5385,D"
6650.0,35.509599,10.920099,6053.4,494.3,-24.3,6.0,28.8,5396,D,"TUN,35.5096,10.9201,6053,494.3,-24.3,6.0,28.8,5396,D"
6660.0,35.510006,10.922234,5976.3,498.9,-23.8,6.1,28.1,5391,D,"TUN,35.5100,10.9222,5976,498.9,-23.8,6.1,28.1,5391,D"
6670.0,35.510324,10.924694,5899.7,503.4,-23.3,6.3,27.8,5390,D,"TUN,35.5103,10.9247,5899,503.4,-23.3,6.3,27.8,5390,D"
6680.0,35.510465,10.927089,5823.5,508.0,-22.9,6.5,27.8,5391,D,"TUN,35.5105,10.9271,5823,508.0,-22.9,6.5,27.8,5391,D"
6690.0,35.510721,10.929441,5747.7,512.6,-22.4,6.6,27.7,5393,D,"TUN,35.5107,10.9294,5747,512.6,-22.4,6.6,27.7,5393,D"
6700.0,35.511091,10.931997,5672.3,517.2,-21.9,6.8,28.3,5405,D,"TUN,35.5111,10.9320,5672,517.2,-21.9,6.8,28.3,5405,D"
6710.0,35.511337,10.934138,5597.4,521.8,-21.4,7.0,27.9,5404,D,"TUN,35.5113,10.9341,5597,521.8,-21.4,7.0,27.9,5404,D"
6720.0,35.511683,10.936366,5522.8,526.4,-20.9,7.1,28.0,5407,D,"TUN,35.5117,10.9364,5522,526.4,-20.9,7.1,28.0,5407,D"
6730.0,35.511746,10.938439,5448.6,531.1,-20.4,7.3,28.0,5409,D,"TUN,35.5117,10.9384,5448,531.1,-20.4,7.3,28.0,5409,D"
6740.0,35.512091,10.940587,5374.8,535.7,-19.9,7.5,28.2,5414,D,"TUN,35.5121,10.9406,5374,535.7,-19.9,7.5,28.2,5414,D"
6750.0,35.512379,10.942778,5301.4,540.4,-19.5,7.7,27.7,5414,D,"TUN,35.5124,10.9428,5301,540.4,-19.5,7.7,27.7,5414,D"
6760.0,35.512584,10.944826,5228.4,545.1,-19.0,7.9,27.7,5418,D,"TUN,35.5126,10.9448,5228,545.1,-19.0,7.9,27.7,5418,D"
6770.0,35.51279,10.946734,5155.7,549.8,-18.5,8.1,28.1,5424,D,"TUN,35.5128,10.9467,5155,549.8,-18.5,8.1,28.1,5424,D"
6780.0,35.513012,10.948936,5083.5,554.6,-18.0,8.3,28.2,5433,D,"TUN,35.5130,10.9489,5083,554.6,-18.0,8.3,28.2,5433,D"
6790.0,35.513285,10.950863,5011.6,559.3,-17.6,8.5,28.1,5434,D,"TUN,35.5133,10.9509,5011,559.3,-17.6,8.5,28.1,5434,D"
6800.0,35.51353,10.952762,4940.1,564.1,-17.1,8.7,27.8,5437,D,"TUN,35.5135,10.9528,4940,564.1,-17.1,8.7,27.8,5437,D"
6810.0,35.513674,10.954648,4868.9,568.9,-16.6,8.9,28.2,5444,D,"TUN,35.5137,10.9546,4868,568.9,-16.6,8.9,28.2,5444,D"
6820.0,35.513807,10.956375,4798.1,573.6,-16.2,9.1,27.8,5442,D,"TUN,35.5138,10.9564,4798,573.6,-16.2,9.1,27.8,5442,D"
6830.0,35.513983,10.958195,4727.7,578.5,-15.7,9.3,27.8,5446,D,"TUN,35.5140,10.9582,4727,578.5,-15.7,9.3,27.8,5446,D"
6840.0,35.514076,10.959925,4657.6,583.3,-15.3,9.5,27.7,5448,D,"TUN,35.5141,10.9599,4657,583.3,-15.3,9.5,27.7,5448,D"
6850.0,35.514205,10.961838,4587.9,588.1,-14.8,9.8,28.4,5462,D,"TUN,35.5142,10.9618,4587,588.1,-14.8,9.8,28.4,5462,D"
6860.0,35.514323,10.963473,4518.5,593.0,-14.4,10.0,28.2,5463,D,"TUN,35.5143,10.9635,4518,593.0,-14.4,10.0,28.2,5463,D"
6870.0,35.51463,10.965213,4449.4,597.9,-13.9,10.2,28.2,5471,D,"TUN,35.5146,10.9652,4449,597.9,-13.9,10.2,28.2,5471,D"
6880.0,35.514781,10.966916,4380.7,602.8,-13.5,10.4,28.4,5477,D,"TUN,35.5148,10.9669,4380,602.8,-13.5,10.4,28.4,5477,D"
6890.0,35.514944,10.968636,4312.4,607.7,-13.0,10.7,28.8,5489,D,"TUN,35.5149,10.9686,4312,607.7,-13.0,10.7,28.8,5489,D"
6900.0,35.515007,10.970313,4244.3,612.6,-12.6,10.9,27.5,5481,D,"TUN,35.5150,10.9703,4244,612.6,-12.6,10.9,27.5,5481,D"
6910.0,35.515384,10.971974,4176.6,617.5,-12.1,11.2,27.8,5492,D,"TUN,35.5154,10.9720,4176,617.5,-12.1,11.2,27.8,5492,D"
6920.0,35.515547,10.973531,4109.2,622.5,-11.7,11.4,27.8,5499,D,"TUN,35.5155,10.9735,4109,622.5,-11.7,11.4,27.8,5499,D"
6930.0,35.515678,10.974951,4042.2,627.4,-11.3,11.7,27.7,5502,D,"TUN,35.5157,10.9750,4042,627.4,-11.3,11.7,27.7,5502,D"
6940.0,35.515906,10.976558,3975.4,632.4,-10.8,12.0,27.7,5512,D,"TUN,35.5159,10.9766,3975,632.4,-10.8,12.0,27.7,5512,D"
6950.0,35.516107,10.97807,3909.0,637.4,-10.4,12.2,27.9,5521,D,"TUN,35.5161,10.9781,3909,637.4,-10.4,12.2,27.9,5521,D"
6960.0,35.516147,10.979497,3842.9,642.4,-10.0,12.5,27.6,5522,D,"TUN,35.5161,10.9795,3842,642.4,-10.0,12.5,27.6,5522,D"
6970.0,35.516245,10.980901,3777.1,647.5,-9.6,12.8,28.1,5536,D,"TUN,35.5162,10.9809,3777,647.5,-9.6,12.8,28.1,5536,D"
6980.0,35.516256,10.982188,3711.6,652.5,-9.1,13.1,28.0,5539,D,"TUN,35.5163,10.9822,3711,652.5,-9.1,13.1,28.0,5539,D"
6990.0,35.51639,10.983611,3646.5,657.6,-8.7,13.3,28.1,5548,D,"TUN,35.5164,10.9836,3646,657.6,-8.7,13.3,28.1,5548,D"
7000.0,35.516592,10.98499,3581.6,662.7,-8.3,13.6,28.2,5557,D,"TUN,35.5166,10.9850,3581,662.7,-8.3,13.6,28.2,5557,D"
7010.0,35.516729,10.986392,3517.0,667.8,-7.9,13.9,28.2,5567,D,"TUN,35.5167,10.9864,3517,667.8,-7.9,13.9,28.2,5567,D"
7020.0,35.516861,10.987673,3452.7,672.9,-7.4,14.2,27.9,5572,D,"TUN,35.5169,10.9877,3452,672.9,-7.4,14.2,27.9,5572,D"
7030.0,35.516924,10.98891,3388.7,678.0,-7.0,14.5,28.6,5587,D,"TUN,35.5169,10.9889,3388,678.0,-7.0,14.5,28.6,5587,D"
7040.0,35.516988,10.990172,3325.0,683.1,-6.6,14.9,28.1,5590,D,"TUN,35.5170,10.9902,3325,683.1,-6.6,14.9,28.1,5590,D"
7050.0,35.517056,10.99139,3261.6,688.3,-6.2,15.2,27.4,5591,D,"TUN,35.5171,10.9914,3261,688.3,-6.2,15.2,27.4,5591,D"
7060.0,35.517033,10.992557,3198.5,693.5,-5.8,15.5,27.7,5602,D,"TUN,35.5170,10.9926,3198,693.5,-5.8,15.5,27.7,5602,D"
7070.0,35.517055,10.99363,3135.7,698.6,-5.4,15.8,27.5,5606,D,"TUN,35.5171,10.9936,3135,698.6,-5.4,15.8,27.5,5606,D"
7080.0,35.517187,10.994834,3073.1,703.8,-5.0,16.2,28.0,5622,D,"TUN,35.5172,10.9948,3073,703.8,-5.0,16.2,28.0,5622,D"
7090.0,35.517223,10.996067,3010.9,709.0,-4.6,16.5,28.0,5631,D,"TUN,35.5172,10.9961,3010,709.0,-4.6,16.5,28.0,5631,D"
7100.0,35.517301,10.99721,2948.9,714.3,-4.2,16.8,28.1,5643,D,"TUN,35.5173,10.9972,2948,714.3,-4.2,16.8,28.1,5643,D"
7110.0,35.517382,10.998273,2887.1,719.5,-3.8,17.2,28.2,5653,D,"TUN,35.5174,10.9983,2887,719.5,-3.8,17.2,28.2,5653,D"
7120.0,35.517387,10.99936,2825.7,724.8,-3.4,17.5,28.2,5662,D,"TUN,35.5174,10.9994,2825,724.8,-3.4,17.5,28.2,5662,D"
7130.0,35.517495,11.000414,2764.5,730.1,-3.0,17.9,28.3,5675,D,"TUN,35.5175,11.0004,2764,730.1,-3.0,17.9,28.3,5675,D"
7140.0,35.517518,11.001496,2703.6,735.4,-2.6,18.3,28.4,5687,D,"TUN,35.5175,11.0015,2703,735.4,-2.6,18.3,28.4,5687,D"
7150.0,35.517546,11.002555,2642.9,740.7,-2.2,18.6,28.5,5698,D,"TUN,35.5175,11.0026,2642,740.7,-2.2,18.6,28.5,5698,D"
7160.0,35.517642,11.003547,2582.6,746.0,-1.8,19.0,28.6,5711,D,"TUN,35.5176,11.0035,2582,746.0,-1.8,19.0,28.6,5711,D"
7170.0,35.51776,11.004492,2522.4,751.3,-1.4,19.4,28.6,5722,D,"TUN,35.5178,11.0045,2522,751.3,-1.4,19.4,28.6,5722,D"
7180.0,35.517815,11.005488,2462.6,756.7,-1.0,19.8,28.7,5736,D,"TUN,35.5178,11.0055,2462,756.7,-1.0,19.8,28.7,5736,D"
7190.0,35.517981,11.006417,2402.9,762.0,-0.6,20.2,28.8,5749,D,"TUN,35.5180,11.0064,2402,762.0,-0.6,20.2,28.8,5749,D"
7200.0,35.517981,11.007317,2343.6,767.4,-0.2,20.6,28.9,5762,D,"TUN,35.5180,11.0073,2343,767.4,-0.2,20.6,28.9,5762,D"
7210.0,35.518008,11.008232,2284.5,772.8,0.2,21.0,29.0,5776,D,"TUN,35.5180,11.0082,2284,772.8,0.2,21.0,29.0,5776,D"
7220.0,35.517993,11.009101,2225.6,778.2,0.5,21.4,29.0,5786,D,"TUN,35.5180,11.0091,2225,778.2,0.5,21.4,29.0,5786,D"
7230.0,35.51802,11.010014,2167.0,783.7,0.9,21.9,29.1,5803,D,"TUN,35.5180,11.0100,2167,783.7,0.9,21.9,29.1,5803,D"
7240.0,35.517994,11.011027,2108.6,789.1,1.3,22.3,29.2,5816,D,"TUN,35.5180,11.0110,2108,789.1,1.3,22.3,29.2,5816,D"
7250.0,35.518049,11.011906,2050.5,794.6,1.7,22.7,29.3,5832,D,"TUN,35.5180,11.0119,2050,794.6,1.7,22.7,29.3,5832,D"
7260.0,35.518061,11.012774,1992.6,800.0,2.0,23.2,29.3,5844,D,"TUN,35.5181,11.0128,1992,800.0,2.0,23.2,29.3,5844,D"
7270.0,35.518104,11.013637,1935.0,805.5,2.4,23.6,29.4,5861,D,"TUN,35.5181,11.0136,1935,805.5,2.4,23.6,29.4,5861,D"
7280.0,35.518137,11.014556,1877.5,811.0,2.8,24.1,29.5,5877,D,"TUN,35.5181,11.0146,1877,811.0,2.8,24.1,29.5,5877,D"
7290.0,35.518161,11.015497,1820.4,816.5,3.2,24.5,29.6,5893,D,"TUN,35.5182,11.0155,1820,816.5,3.2,24.5,29.6,5893,D"
7300.0,35.518172,11.016403,1763.4,822.1,3.5,25.0,29.6,5910,D,"TUN,35.5182,11.0164,1763,822.1,3.5,25.0,29.6,5910,D"
7310.0,35.51822,11.017259,1706.7,827.6,3.9,25.5,29.7,5927,D,"TUN,35.5182,11.0173,1706,827.6,3.9,25.5,29.7,5927,D"
7320.0,35.518223,11.018031,1650.2,833.2,4.3,26.0,29.8,5945,D,"TUN,35.5182,11.0180,1650,833.2,4.3,26.0,29.8,5945,D"
7330.0,35.518239,11.018865,1594.0,838.8,4.6,26.5,29.9,5962,D,"TUN,35.5182,11.0189,1594,838.8,4.6,26.5,29.9,5962,D"
7340.0,35.518295,11.019593,1537.9,844.4,5.0,27.0,29.9,5977,D,"TUN,35.5183,11.0196,1537,844.4,5.0,27.0,29.9,5977,D"
7350.0,35.518361,11.020303,1482.1,850.0,5.4,27.5,30.0,5997,D,"TUN,35.5184,11.0203,1482,850.0,5.4,27.5,30.0,5997,D"
7360.0,35.518336,11.021064,1426.6,855.6,5.7,28.0,30.1,6013,D,"TUN,35.5183,11.0211,1426,855.6,5.7,28.0,30.1,6013,D"
7370.0,35.518417,11.021801,1371.2,861.2,6.1,28.5,30.2,6033,D,"TUN,35.5184,11.0218,1371,861.2,6.1,28.5,30.2,6033,D"
7380.0,35.51843,11.022527,1316.0,866.9,6.4,29.0,30.2,6050,D,"TUN,35.5184,11.0225,1316,866.9,6.4,29.0,30.2,6050,D"
7390.0,35.518487,11.02332,1261.1,872.5,6.8,29.6,30.3,6070,D,"TUN,35.5185,11.0233,1261,872.5,6.8,29.6,30.3,6070,D"
7400.0,35.518442,11.024013,1206.4,878.2,7.2,30.1,30.4,6089,D,"TUN,35.5184,11.0240,1206,878.2,7.2,30.1,30.4,6089,D"
7410.0,35.518429,11.024725,1151.9,883.9,7.5,30.7,30.5,6108,D,"TUN,35.5184,11.0247,1151,883.9,7.5,30.7,30.5,6108,D"
7420.0,35.518421,11.025413,1097.6,889.6,7.9,31.2,30.5,6127,D,"TUN,35.5184,11.0254,1097,889.6,7.9,31.2,30.5,6127,D"
7430.0,35.518446,11.026111,1043.5,895.3,8.2,31.8,30.6,6147,D,"TUN,35.5184,11.0261,1043,895.3,8.2,31.8,30.6,6147,D"
7440.0,35.518486,11.026799,989.7,901.1,8.6,32.4,30.7,6168,D,"TUN,35.5185,11.0268,989,901.1,8.6,32.4,30.7,6168,D"
7450.0,35.518478,11.027458,936.0,906.8,8.9,32.9,30.8,6188,D,"TUN,35.5185,11.0275,936,906.8,8.9,32.9,30.8,6188,D"
7460.0,35.518474,11.028076,882.6,912.6,9.3,33.5,30.8,6208,D,"TUN,35.5185,11.0281,882,912.6,9.3,33.5,30.8,6208,D"
7470.0,35.518494,11.028681,829.3,918.4,9.6,34.1,30.9,6229,D,"TUN,35.5185,11.0287,829,918.4,9.6,34.1,30.9,6229,D"
7480.0,35.518513,11.029283,776.2,924.2,10.0,34.7,31.0,6252,D,"TUN,35.5185,11.0293,776,924.2,10.0,34.7,31.0,6252,D"
7490.0,35.518531,11.029894,723.4,930.0,10.3,35.4,31.0,6273,D,"TUN,35.5185,11.0299,723,930.0,10.3,35.4,31.0,6273,D"
7500.0,35.518547,11.030505,670.7,935.8,10.6,36.0,31.1,6295,D,"TUN,35.5185,11.0305,670,935.8,10.6,36.0,31.1,6295,D"
7510.0,35.518547,11.031067,618.3,941.6,11.0,36.6,31.2,6317,D,"TUN,35.5185,11.0311,618,941.6,11.0,36.6,31.2,6317,D"
7520.0,35.51852,11.031671,566.0,947.5,11.3,37.3,31.2,6340,D,"TUN,35.5185,11.0317,566,947.5,11.3,37.3,31.2,6340,D"
7530.0,35.518489,11.032219,514.0,953.3,11.7,37.9,31.3,6362,D,"TUN,35.5185,11.0322,514,953.3,11.7,37.9,31.3,6362,D"
7540.0,35.518471,11.032706,462.1,959.2,12.0,38.6,31.4,6385,D,"TUN,35.5185,11.0327,462,959.2,12.0,38.6,31.4,6385,D"
7550.0,35.518444,11.03329,410.4,965.1,12.3,39.2,31.5,6407,D,"TUN,35.5184,11.0333,410,965.1,12.3,39.2,31.5,6407,D"
7560.0,35.518408,11.033812,358.9,971.0,12.7,39.9,31.5,6431,D,"TUN,35.5184,11.0338,358,971.0,12.7,39.9,31.5,6431,D"
7570.0,35.518427,11.034344,307.6,977.0,13.0,40.6,31.6,6456,D,"TUN,35.5184,11.0343,307,977.0,13.0,40.6,31.6,6456,D"
7580.0,35.518399,11.034799,256.5,982.9,13.3,41.3,31.7,6478,D,"TUN,35.5184,11.0348,256,982.9,13.3,41.3,31.7,6478,D"
7590.0,35.518346,11.035265,205.6,988.8,13.7,42.0,31.7,6502,D,"TUN,35.5183,11.0353,205,988.8,13.7,42.0,31.7,6502,D"
7600.0,35.518356,11.035733,154.9,994.8,14.0,42.7,31.8,6527,D,"TUN,35.5184,11.0357,154,994.8,14.0,42.7,31.8,6527,D"
7610.0,35.51838,11.036168,104.3,1000.8,14.3,43.5,31.9,6553,D,"TUN,35.5184,11.0362,104,1000.8,14.3,43.5,31.9,6553,D"
7620.0,35.518353,11.036615,53.9,1006.8,14.6,44.2,31.9,6577,L,"TUN,35.5184,11.0366,53,1006.8,14.6,44.2,31.9,6577,L"
7630.0,35.518303,11.037044,3.7,1012.8,15.0,44.9,32.0,6603,L,"TUN,35.5183,11.0370,3,1012.8,15.0,44.9,32.0,6603,L"
7640.0,35.518273,11.037511,0.0,1013.2,15.0,45.0,32.0,6609,L,"TUN,35.5183,11.0375,0,1013.2,15.0,45.0,32.0,6609,L"
